YEAR,solar_mean,rain_total,humidity_mean,temp_mean,wind_mean,region
2000,19.75,-999.0,69.72,28.11,3.04,Thanjavur_TN
2001,19.44,-999.0,69.94,28.25,2.99,Thanjavur_TN
2002,19.84,-999.0,68.35,28.59,3.05,Thanjavur_TN
2003,19.51,-999.0,70.26,28.35,2.98,Thanjavur_TN
2004,19.45,-999.0,73.02,27.62,2.99,Thanjavur_TN
2005,19.47,-999.0,72.24,28.16,2.93,Thanjavur_TN
2006,19.69,-999.0,71.66,27.94,3.0,Thanjavur_TN
2007,19.71,-999.0,70.19,28.07,2.85,Thanjavur_TN
2008,19.66,-999.0,73.44,27.56,2.76,Thanjavur_TN
2009,19.99,-999.0,68.63,28.45,2.98,Thanjavur_TN
2010,19.27,-999.0,73.7,27.98,2.7,Thanjavur_TN
2011,19.54,-999.0,71.35,27.92,2.97,Thanjavur_TN
2012,19.99,-999.0,70.06,28.23,2.89,Thanjavur_TN
2013,19.54,-999.0,68.09,28.56,3.13,Thanjavur_TN
2014,19.17,-999.0,69.06,28.38,3.04,Thanjavur_TN
2015,19.55,-999.0,72.3,28.12,2.8,Thanjavur_TN
2016,20.01,-999.0,68.33,28.62,2.72,Thanjavur_TN
2017,19.28,-999.0,70.1,28.45,2.78,Thanjavur_TN
2018,18.9,-999.0,71.17,28.1,2.93,Thanjavur_TN
2019,19.57,-999.0,70.04,28.78,2.87,Thanjavur_TN
2020,19.04,-999.0,72.07,28.31,2.77,Thanjavur_TN
2021,18.66,-999.0,76.69,27.59,2.63,Thanjavur_TN
2022,18.6,-999.0,75.44,27.7,2.61,Thanjavur_TN
2023,19.14,-999.0,72.0,28.4,2.76,Thanjavur_TN
2024,18.86,-999.0,72.88,28.61,2.84,Thanjavur_TN
2025,-999.0,-999.0,-999.0,-999.0,-999.0,Thanjavur_TN
2000,20.17,-999.0,58.58,26.92,2.77,Raichur_KA
2001,20.16,-999.0,57.06,27.31,2.98,Raichur_KA
2002,20.57,-999.0,57.17,27.58,2.94,Raichur_KA
2003,20.4,-999.0,55.82,27.98,2.94,Raichur_KA
2004,20.62,-999.0,59.24,26.89,2.93,Raichur_KA
2005,19.89,-999.0,64.6,26.4,2.62,Raichur_KA
2006,20.1,-999.0,61.84,26.81,2.85,Raichur_KA
2007,20.18,-999.0,61.52,26.71,2.76,Raichur_KA
2008,20.13,-999.0,60.98,26.7,2.8,Raichur_KA
2009,20.16,-999.0,58.27,27.54,2.9,Raichur_KA
2010,19.35,-999.0,61.25,27.58,2.77,Raichur_KA
2011,20.27,-999.0,54.54,27.72,3.1,Raichur_KA
2012,20.23,-999.0,54.43,27.74,3.0,Raichur_KA
2013,19.57,-999.0,60.14,27.05,3.11,Raichur_KA
2014,19.73,-999.0,59.36,27.1,2.84,Raichur_KA
2015,20.35,-999.0,56.24,27.64,2.91,Raichur_KA
2016,19.61,-999.0,55.76,27.53,2.83,Raichur_KA
2017,19.93,-999.0,56.65,27.38,2.56,Raichur_KA
2018,19.36,-999.0,50.46,28.06,2.87,Raichur_KA
2019,19.46,-999.0,57.01,28.15,2.91,Raichur_KA
2020,19.14,-999.0,64.4,27.19,2.66,Raichur_KA
2021,18.66,-999.0,62.1,27.23,2.83,Raichur_KA
2022,18.58,-999.0,62.55,27.21,2.65,Raichur_KA
2023,19.52,-999.0,55.47,28.13,2.91,Raichur_KA
2024,18.45,-999.0,61.33,28.01,2.9,Raichur_KA
2025,-999.0,-999.0,-999.0,-999.0,-999.0,Raichur_KA
2000,19.88,-999.0,41.54,26.25,2.66,Indore_MP
2001,19.48,-999.0,43.95,26.48,2.61,Indore_MP
2002,19.56,-999.0,44.69,26.54,2.82,Indore_MP
2003,19.28,-999.0,54.19,25.79,2.67,Indore_MP
2004,19.52,-999.0,50.31,26.16,2.6,Indore_MP
2005,19.6,-999.0,47.53,26.02,2.59,Indore_MP
2006,18.88,-999.0,53.49,26.07,2.51,Indore_MP
2007,19.34,-999.0,51.03,26.12,2.42,Indore_MP
2008,18.93,-999.0,46.69,26.19,2.62,Indore_MP
2009,19.46,-999.0,51.38,26.61,2.64,Indore_MP
2010,19.15,-999.0,55.39,26.43,2.47,Indore_MP
2011,18.75,-999.0,51.55,25.89,2.52,Indore_MP
2012,18.75,-999.0,49.15,25.68,2.79,Indore_MP
2013,17.56,-999.0,56.71,25.22,2.7,Indore_MP
2014,18.88,-999.0,52.21,26.05,2.72,Indore_MP
2015,18.39,-999.0,52.3,25.99,2.61,Indore_MP
2016,18.77,-999.0,50.95,25.95,2.57,Indore_MP
2017,18.78,-999.0,50.27,26.01,2.52,Indore_MP
2018,18.37,-999.0,45.77,26.38,2.55,Indore_MP
2019,17.95,-999.0,56.33,25.55,2.64,Indore_MP
2020,18.45,-999.0,59.05,25.31,2.28,Indore_MP
2021,17.42,-999.0,57.07,25.74,2.52,Indore_MP
2022,18.32,-999.0,58.34,25.47,2.56,Indore_MP
2023,17.6,-999.0,57.18,25.32,2.58,Indore_MP
2024,17.33,-999.0,57.8,25.88,2.37,Indore_MP
2025,-999.0,-999.0,-999.0,-999.0,-999.0,Indore_MP
2000,20.93,-999.0,38.9,28.31,2.52,Ahmedabad_GJ
2001,20.34,-999.0,39.96,28.07,2.52,Ahmedabad_GJ
2002,20.38,-999.0,37.53,28.64,2.59,Ahmedabad_GJ
2003,20.06,-999.0,48.97,27.32,2.46,Ahmedabad_GJ
2004,20.13,-999.0,47.63,27.7,2.38,Ahmedabad_GJ
2005,20.37,-999.0,49.27,26.81,2.27,Ahmedabad_GJ
2006,19.73,-999.0,52.6,27.3,2.31,Ahmedabad_GJ
2007,20.35,-999.0,52.63,27.27,2.3,Ahmedabad_GJ
2008,19.68,-999.0,47.0,27.35,2.46,Ahmedabad_GJ
2009,20.65,-999.0,44.87,28.45,2.4,Ahmedabad_GJ
2010,20.07,-999.0,54.22,27.65,2.34,Ahmedabad_GJ
2011,19.83,-999.0,50.81,27.33,2.46,Ahmedabad_GJ
2012,19.87,-999.0,45.45,27.41,2.63,Ahmedabad_GJ
2013,19.47,-999.0,53.43,26.68,2.39,Ahmedabad_GJ
2014,20.25,-999.0,48.89,27.49,2.37,Ahmedabad_GJ
2015,19.8,-999.0,45.93,28.0,2.44,Ahmedabad_GJ
2016,19.79,-999.0,45.4,28.09,2.37,Ahmedabad_GJ
2017,19.35,-999.0,48.49,27.49,2.37,Ahmedabad_GJ
2018,19.23,-999.0,41.54,28.36,2.37,Ahmedabad_GJ
2019,18.98,-999.0,55.15,27.13,2.48,Ahmedabad_GJ
2020,19.54,-999.0,56.59,26.81,2.26,Ahmedabad_GJ
2021,18.81,-999.0,52.08,27.58,2.44,Ahmedabad_GJ
2022,19.59,-999.0,52.11,27.47,2.41,Ahmedabad_GJ
2023,18.69,-999.0,53.87,27.09,2.33,Ahmedabad_GJ
2024,18.55,-999.0,54.51,27.39,2.36,Ahmedabad_GJ
2025,-999.0,-999.0,-999.0,-999.0,-999.0,Ahmedabad_GJ
2000,18.59,-999.0,45.09,25.74,1.86,Sitapur_UP
2001,18.22,-999.0,42.84,26.31,1.75,Sitapur_UP
2002,18.24,-999.0,42.65,26.83,1.87,Sitapur_UP
2003,17.45,-999.0,51.32,25.54,1.83,Sitapur_UP
2004,18.17,-999.0,51.63,25.6,1.92,Sitapur_UP
2005,18.33,-999.0,51.23,25.62,1.93,Sitapur_UP
2006,18.43,-999.0,49.95,26.17,1.9,Sitapur_UP
2007,17.77,-999.0,53.21,25.48,1.96,Sitapur_UP
2008,17.23,-999.0,58.19,24.88,1.68,Sitapur_UP
2009,18.68,-999.0,53.38,25.72,1.95,Sitapur_UP
2010,17.76,-999.0,55.3,25.91,1.92,Sitapur_UP
2011,17.47,-999.0,58.09,24.98,1.79,Sitapur_UP
2012,17.99,-999.0,52.34,25.12,2.05,Sitapur_UP
2013,17.36,-999.0,59.55,24.73,2.01,Sitapur_UP
2014,17.87,-999.0,48.14,25.84,2.12,Sitapur_UP
2015,17.87,-999.0,47.44,26.14,1.96,Sitapur_UP
2016,17.57,-999.0,47.45,26.36,1.89,Sitapur_UP
2017,17.46,-999.0,49.55,26.21,1.88,Sitapur_UP
2018,17.08,-999.0,51.78,25.82,2.0,Sitapur_UP
2019,17.01,-999.0,57.93,25.26,1.93,Sitapur_UP
2020,17.0,-999.0,56.7,24.84,1.89,Sitapur_UP
2021,16.67,-999.0,55.94,25.2,1.94,Sitapur_UP
2022,17.12,-999.0,59.01,25.42,1.98,Sitapur_UP
2023,16.84,-999.0,56.21,25.43,1.87,Sitapur_UP
2024,16.79,-999.0,54.82,25.74,1.97,Sitapur_UP
2025,-999.0,-999.0,-999.0,-999.0,-999.0,Sitapur_UP
2000,18.59,-999.0,36.3,25.84,2.01,Karnal_HR
2001,18.54,-999.0,39.09,25.58,1.82,Karnal_HR
2002,18.33,-999.0,37.15,26.44,1.92,Karnal_HR
2003,17.72,-999.0,47.4,24.89,1.82,Karnal_HR
2004,18.26,-999.0,42.84,25.77,1.98,Karnal_HR
2005,18.27,-999.0,45.36,25.03,1.97,Karnal_HR
2006,18.26,-999.0,43.38,26.03,2.01,Karnal_HR
2007,18.37,-999.0,44.62,25.6,2.01,Karnal_HR
2008,17.69,-999.0,50.61,24.48,1.8,Karnal_HR
2009,18.76,-999.0,42.13,25.83,1.87,Karnal_HR
2010,17.58,-999.0,48.69,25.47,1.82,Karnal_HR
2011,17.76,-999.0,53.56,24.33,1.73,Karnal_HR
2012,17.81,-999.0,42.74,24.93,2.07,Karnal_HR
2013,17.65,-999.0,52.35,24.24,1.88,Karnal_HR
2014,17.8,-999.0,42.88,25.13,2.0,Karnal_HR
2015,17.53,-999.0,46.31,24.81,1.89,Karnal_HR
2016,17.57,-999.0,38.85,26.01,1.83,Karnal_HR
2017,17.69,-999.0,43.45,25.34,1.91,Karnal_HR
2018,17.37,-999.0,48.98,24.69,1.86,Karnal_HR
2019,17.07,-999.0,51.34,24.67,1.92,Karnal_HR
2020,17.52,-999.0,53.49,24.1,1.87,Karnal_HR
2021,17.18,-999.0,54.08,24.3,1.78,Karnal_HR
2022,17.26,-999.0,58.06,24.55,1.86,Karnal_HR
2023,17.24,-999.0,57.25,24.05,1.8,Karnal_HR
2024,16.75,-999.0,51.24,25.14,1.94,Karnal_HR
2025,-999.0,-999.0,-999.0,-999.0,-999.0,Karnal_HR
2000,19.01,-999.0,48.7,16.78,3.55,Lubbock_TX
2001,19.01,-999.0,51.86,16.77,3.38,Lubbock_TX
2002,18.69,-999.0,51.42,16.05,3.48,Lubbock_TX
2003,19.43,-999.0,48.82,16.87,3.47,Lubbock_TX
2004,18.37,-999.0,59.63,15.84,3.36,Lubbock_TX
2005,19.01,-999.0,56.99,16.14,3.28,Lubbock_TX
2006,19.44,-999.0,49.49,16.96,3.38,Lubbock_TX
2007,18.47,-999.0,60.87,15.23,3.22,Lubbock_TX
2008,19.85,-999.0,50.66,15.95,3.56,Lubbock_TX
2009,19.26,-999.0,50.16,16.19,3.34,Lubbock_TX
2010,19.07,-999.0,56.07,15.75,3.43,Lubbock_TX
2011,20.49,-999.0,40.49,17.63,3.61,Lubbock_TX
2012,19.65,-999.0,45.66,17.64,3.43,Lubbock_TX
2013,19.87,-999.0,48.23,16.16,3.49,Lubbock_TX
2014,19.23,-999.0,50.9,16.01,3.51,Lubbock_TX
2015,18.62,-999.0,57.97,16.21,3.33,Lubbock_TX
2016,19.41,-999.0,54.14,17.16,3.43,Lubbock_TX
2017,19.54,-999.0,52.28,17.13,3.48,Lubbock_TX
2018,19.31,-999.0,50.73,16.84,3.53,Lubbock_TX
2019,19.12,-999.0,53.09,16.63,3.49,Lubbock_TX
2020,19.62,-999.0,46.54,17.44,3.55,Lubbock_TX
2021,19.34,-999.0,50.28,16.93,3.46,Lubbock_TX
2022,19.99,-999.0,44.19,17.33,3.48,Lubbock_TX
2023,19.62,-999.0,47.22,17.8,3.35,Lubbock_TX
2024,19.38,-999.0,48.68,18.19,3.42,Lubbock_TX
2025,-999.0,-999.0,-999.0,-999.0,-999.0,Lubbock_TX
2000,18.35,-999.0,65.74,15.71,2.13,Yolo_CA
2001,19.06,-999.0,61.96,16.39,2.32,Yolo_CA
2002,19.1,-999.0,62.46,15.91,2.21,Yolo_CA
2003,18.55,-999.0,64.64,16.3,2.11,Yolo_CA
2004,19.09,-999.0,63.79,16.33,2.31,Yolo_CA
2005,18.24,-999.0,66.87,15.93,2.21,Yolo_CA
2006,18.31,-999.0,67.47,15.33,2.12,Yolo_CA
2007,19.4,-999.0,61.72,15.7,2.28,Yolo_CA
2008,19.19,-999.0,60.63,15.92,2.32,Yolo_CA
2009,18.98,-999.0,62.63,15.67,2.26,Yolo_CA
2010,18.07,-999.0,68.5,15.04,2.26,Yolo_CA
2011,18.41,-999.0,67.16,14.55,2.26,Yolo_CA
2012,19.0,-999.0,61.97,15.9,2.4,Yolo_CA
2013,19.8,-999.0,58.2,16.05,2.34,Yolo_CA
2014,18.71,-999.0,60.66,17.31,2.25,Yolo_CA
2015,18.95,-999.0,63.22,16.73,2.32,Yolo_CA
2016,18.7,-999.0,68.18,15.95,2.31,Yolo_CA
2017,18.5,-999.0,66.67,15.99,2.33,Yolo_CA
2018,18.98,-999.0,61.73,16.18,2.28,Yolo_CA
2019,18.51,-999.0,66.49,15.77,2.32,Yolo_CA
2020,18.89,-999.0,57.38,17.14,2.26,Yolo_CA
2021,19.19,-999.0,60.39,16.46,2.46,Yolo_CA
2022,19.45,-999.0,60.14,16.47,2.38,Yolo_CA
2023,18.57,-999.0,68.44,15.37,2.3,Yolo_CA
2024,18.69,-999.0,65.15,16.91,2.34,Yolo_CA
2025,-999.0,-999.0,-999.0,-999.0,-999.0,Yolo_CA
2000,15.69,-999.0,61.51,13.1,3.42,Riley_KS
2001,15.92,-999.0,68.42,12.84,3.32,Riley_KS
2002,16.02,-999.0,62.9,12.73,3.41,Riley_KS
2003,15.64,-999.0,64.9,12.36,3.28,Riley_KS
2004,15.65,-999.0,70.06,12.21,3.4,Riley_KS
2005,15.73,-999.0,70.53,12.5,3.32,Riley_KS
2006,15.91,-999.0,63.84,13.45,3.43,Riley_KS
2007,15.37,-999.0,75.28,12.15,3.37,Riley_KS
2008,15.32,-999.0,74.59,10.81,3.46,Riley_KS
2009,15.17,-999.0,72.06,11.23,3.38,Riley_KS
2010,15.56,-999.0,72.34,12.25,3.25,Riley_KS
2011,15.91,-999.0,65.93,12.39,3.34,Riley_KS
2012,16.77,-999.0,60.58,14.5,3.36,Riley_KS
2013,15.32,-999.0,67.12,11.59,3.45,Riley_KS
2014,15.79,-999.0,64.89,11.68,3.53,Riley_KS
2015,15.37,-999.0,69.72,12.79,3.22,Riley_KS
2016,15.96,-999.0,71.97,13.35,3.28,Riley_KS
2017,15.8,-999.0,67.03,13.22,3.43,Riley_KS
2018,15.21,-999.0,70.1,12.11,3.25,Riley_KS
2019,15.41,-999.0,80.43,10.99,3.27,Riley_KS
2020,15.72,-999.0,71.51,12.28,3.25,Riley_KS
2021,15.61,-999.0,67.56,13.36,3.27,Riley_KS
2022,16.25,-999.0,60.49,12.64,3.52,Riley_KS
2023,16.11,-999.0,63.27,13.71,3.12,Riley_KS
2024,16.32,-999.0,65.6,13.9,3.21,Riley_KS
2025,-999.0,-999.0,-999.0,-999.0,-999.0,Riley_KS
2000,14.09,-999.0,76.14,10.64,3.09,Champaign_IL
2001,14.52,-999.0,76.67,11.51,3.03,Champaign_IL
2002,14.34,-999.0,79.09,11.13,3.1,Champaign_IL
2003,14.43,-999.0,78.47,10.38,3.08,Champaign_IL
2004,14.44,-999.0,80.38,10.86,3.14,Champaign_IL
2005,14.67,-999.0,78.52,11.34,2.91,Champaign_IL
2006,14.05,-999.0,79.88,11.46,3.04,Champaign_IL
2007,14.58,-999.0,77.9,11.58,3.05,Champaign_IL
2008,14.33,-999.0,81.13,10.0,3.23,Champaign_IL
2009,13.75,-999.0,81.3,10.34,3.05,Champaign_IL
2010,14.96,-999.0,78.55,11.31,2.94,Champaign_IL
2011,13.87,-999.0,80.35,11.32,3.1,Champaign_IL
2012,15.42,-999.0,74.37,12.69,3.07,Champaign_IL
2013,13.94,-999.0,79.02,10.35,3.08,Champaign_IL
2014,14.13,-999.0,79.56,9.39,3.09,Champaign_IL
2015,14.41,-999.0,79.03,11.16,3.03,Champaign_IL
2016,14.41,-999.0,79.39,12.01,2.99,Champaign_IL
2017,14.69,-999.0,76.68,11.97,3.11,Champaign_IL
2018,14.33,-999.0,80.74,11.07,3.0,Champaign_IL
2019,13.93,-999.0,80.95,11.06,3.06,Champaign_IL
2020,14.27,-999.0,77.76,11.57,2.96,Champaign_IL
2021,14.35,-999.0,77.89,11.8,2.96,Champaign_IL
2022,14.37,-999.0,74.26,11.23,3.18,Champaign_IL
2023,14.53,-999.0,71.75,12.48,2.92,Champaign_IL
2024,14.86,-999.0,73.23,12.91,3.03,Champaign_IL
2025,-999.0,-999.0,-999.0,-999.0,-999.0,Champaign_IL
2000,15.38,-999.0,62.52,11.53,3.48,Lancaster_NE
2001,15.64,-999.0,69.17,11.4,3.46,Lancaster_NE
2002,15.75,-999.0,63.49,11.38,3.58,Lancaster_NE
2003,15.6,-999.0,65.36,10.94,3.37,Lancaster_NE
2004,15.33,-999.0,68.98,11.01,3.44,Lancaster_NE
2005,15.66,-999.0,67.35,11.78,3.49,Lancaster_NE
2006,15.56,-999.0,66.16,11.87,3.51,Lancaster_NE
2007,15.61,-999.0,75.15,10.83,3.54,Lancaster_NE
2008,15.5,-999.0,74.54,9.32,3.51,Lancaster_NE
2009,14.98,-999.0,71.99,9.83,3.43,Lancaster_NE
2010,15.42,-999.0,73.52,10.57,3.33,Lancaster_NE
2011,15.45,-999.0,68.16,10.82,3.4,Lancaster_NE
2012,16.69,-999.0,58.9,13.4,3.52,Lancaster_NE
2013,15.2,-999.0,67.78,10.24,3.57,Lancaster_NE
2014,15.55,-999.0,68.8,9.8,3.56,Lancaster_NE
2015,15.14,-999.0,72.35,11.12,3.32,Lancaster_NE
2016,15.61,-999.0,72.07,11.97,3.43,Lancaster_NE
2017,15.63,-999.0,68.35,11.56,3.43,Lancaster_NE
2018,14.94,-999.0,73.33,10.12,3.33,Lancaster_NE
2019,15.07,-999.0,78.24,9.67,3.4,Lancaster_NE
2020,15.66,-999.0,70.01,11.07,3.44,Lancaster_NE
2021,15.59,-999.0,69.05,11.85,3.29,Lancaster_NE
2022,16.15,-999.0,59.04,11.47,3.73,Lancaster_NE
2023,15.79,-999.0,63.87,12.35,3.25,Lancaster_NE
2024,16.09,-999.0,65.15,12.51,3.36,Lancaster_NE
2025,-999.0,-999.0,-999.0,-999.0,-999.0,Lancaster_NE
2000,14.07,-999.0,68.27,10.05,3.44,Story_IA
2001,14.45,-999.0,76.26,9.7,3.32,Story_IA
2002,14.81,-999.0,71.19,9.87,3.42,Story_IA
2003,14.82,-999.0,68.82,9.51,3.34,Story_IA
2004,14.26,-999.0,73.6,9.59,3.41,Story_IA
2005,14.78,-999.0,68.88,10.72,3.33,Story_IA
2006,14.13,-999.0,68.65,10.93,3.45,Story_IA
2007,14.99,-999.0,77.53,9.64,3.46,Story_IA
2008,14.54,-999.0,80.53,7.9,3.37,Story_IA
2009,14.19,-999.0,79.08,8.31,3.29,Story_IA
2010,15.09,-999.0,83.18,8.84,3.19,Story_IA
2011,14.19,-999.0,75.33,9.6,3.33,Story_IA
2012,15.41,-999.0,64.46,12.11,3.37,Story_IA
2013,14.33,-999.0,72.58,8.81,3.45,Story_IA
2014,14.0,-999.0,75.93,8.03,3.48,Story_IA
2015,14.71,-999.0,77.07,9.86,3.26,Story_IA
2016,14.76,-999.0,79.6,10.42,3.28,Story_IA
2017,14.27,-999.0,71.48,10.66,3.4,Story_IA
2018,14.23,-999.0,78.16,8.96,3.17,Story_IA
2019,13.88,-999.0,82.84,8.43,3.28,Story_IA
2020,14.6,-999.0,74.17,9.94,3.34,Story_IA
2021,14.97,-999.0,70.04,11.08,3.32,Story_IA
2022,14.75,-999.0,68.81,9.45,3.57,Story_IA
2023,14.66,-999.0,68.57,11.22,3.18,Story_IA
2024,14.74,-999.0,69.74,11.49,3.31,Story_IA
2025,-999.0,-999.0,-999.0,-999.0,-999.0,Story_IA
