country,year,yield_tpha,crop
India,1961,0.9567001,maize
India,1962,0.9922001,maize
India,1963,0.9954001,maize
India,1964,1.01,maize
India,1965,1.005,maize
India,1966,0.96450007,maize
India,1967,1.1228001,maize
India,1968,0.99740005,maize
India,1969,0.9679001,maize
India,1970,1.2791001,maize
India,1971,0.8999001,maize
India,1972,1.0943002,maize
India,1973,0.96480006,maize
India,1974,0.94810003,maize
India,1975,1.2031001,maize
India,1976,1.0601001,maize
India,1977,1.0511,maize
India,1978,1.0762,maize
India,1979,0.9794001,maize
India,1980,1.1586,maize
India,1981,1.1622,maize
India,1982,1.1448001,maize
India,1983,1.3521,maize
India,1984,1.4556,maize
India,1985,1.146,maize
India,1986,1.2819,maize
India,1987,1.0288001,maize
India,1988,1.3955001,maize
India,1989,1.6316,maize
India,1990,1.5178001,maize
India,1991,1.3763001,maize
India,1992,1.6758001,maize
India,1993,1.6015,maize
India,1994,1.4480001,maize
India,1995,1.5946001,maize
India,1996,1.7094,maize
India,1997,1.7111001,maize
India,1998,1.7969002,maize
India,1999,1.7922001,maize
India,2000,1.8216001,maize
India,2001,1.9996,maize
India,2002,1.6807001,maize
India,2003,2.0405002,maize
India,2004,1.9073001,maize
India,2005,1.9385,maize
India,2006,1.9125001,maize
India,2007,2.3352,maize
India,2008,2.414,maize
India,2009,2.0238001,maize
India,2010,2.5401003,maize
India,2011,2.4784,maize
India,2012,2.5557,maize
India,2013,2.5726001,maize
India,2014,2.5726001,maize
India,2015,2.6107001,maize
India,2016,2.5972002,maize
India,2017,2.6886003,maize
India,2018,3.0653002,maize
India,2019,3.0702002,maize
India,2020,3.0061002,maize
India,2021,3.1993003,maize
India,2022,3.3872,maize
India,2023,3.5449002,maize
India,1961,0.8507001,wheat
India,1962,0.88960004,wheat
India,1963,0.7929001,wheat
India,1964,0.72990006,wheat
India,1965,0.9132001,wheat
India,1966,0.82680005,wheat
India,1967,0.8874001,wheat
India,1968,1.1028001,wheat
India,1969,1.1688001,wheat
India,1970,1.2086,wheat
India,1971,1.3066001,wheat
India,1972,1.3799001,wheat
India,1973,1.2708001,wheat
India,1974,1.1719,wheat
India,1975,1.3384001,wheat
India,1976,1.4103001,wheat
India,1977,1.3866,wheat
India,1978,1.4798001,wheat
India,1979,1.5683001,wheat
India,1980,1.4356,wheat
India,1981,1.6299001,wheat
India,1982,1.6913002,wheat
India,1983,1.8158002,wheat
India,1984,1.8432001,wheat
India,1985,1.8701,wheat
India,1986,2.046,wheat
India,1987,1.9162,wheat
India,1988,2.0019002,wheat
India,1989,2.2444,wheat
India,1990,2.1211002,wheat
India,1991,2.2814,wheat
India,1992,2.394,wheat
India,1993,2.3267,wheat
India,1994,2.3796003,wheat
India,1995,2.559,wheat
India,1996,2.4828002,wheat
India,1997,2.6789,wheat
India,1998,2.4852002,wheat
India,1999,2.5901003,wheat
India,2000,2.7785,wheat
India,2001,2.7081003,wheat
India,2002,2.7621002,wheat
India,2003,2.6100001,wheat
India,2004,2.7132,wheat
India,2005,2.6016002,wheat
India,2006,2.6188002,wheat
India,2007,2.7079,wheat
India,2008,2.8022,wheat
India,2009,2.9071002,wheat
India,2010,2.8395002,wheat
India,2011,2.9886003,wheat
India,2012,3.1775002,wheat
India,2013,3.1538002,wheat
India,2014,3.1457002,wheat
India,2015,2.7496002,wheat
India,2016,3.0339,wheat
India,2017,3.1999002,wheat
India,2018,3.3682,wheat
India,2019,3.5334,wheat
India,2020,3.4398003,wheat
India,2021,3.5208,wheat
India,2022,3.5373,wheat
India,2023,3.5207002,wheat
USA,1866,1.5251298,maize
USA,1867,1.5502349,maize
USA,1868,1.6443787,maize
USA,1869,1.3682234,maize
USA,1870,1.8389425,maize
USA,1871,1.7071413,maize
USA,1872,1.8452188,maize
USA,1873,1.4372622,maize
USA,1874,1.3933285,maize
USA,1875,1.7385225,maize
USA,1876,1.6757599,maize
USA,1877,1.6192735,maize
USA,1878,1.6443787,maize
USA,1879,1.7699038,maize
USA,1880,1.7134174,maize
USA,1881,1.2426983,maize
USA,1882,1.6632074,maize
USA,1883,1.5188535,maize
USA,1884,1.7761799,maize
USA,1885,1.7950088,maize
USA,1886,1.5125773,maize
USA,1887,1.3744997,maize
USA,1888,1.82639,maize
USA,1889,1.851495,maize
USA,1890,1.3870522,maize
USA,1891,1.8577713,maize
USA,1892,1.5502349,maize
USA,1893,1.4937485,maize
USA,1894,1.2678034,maize
USA,1895,1.7573512,maize
USA,1896,1.8828763,maize
USA,1897,1.5941685,maize
USA,1898,1.6820362,maize
USA,1899,1.7573512,maize
USA,1900,1.7636275,maize
USA,1901,1.1422783,maize
USA,1902,1.7887325,maize
USA,1903,1.6883124,maize
USA,1904,1.7699038,maize
USA,1905,1.9393625,maize
USA,1906,1.9895726,maize
USA,1907,1.7071413,maize
USA,1908,1.6883124,maize
USA,1909,1.6381024,maize
USA,1910,1.7510749,maize
USA,1911,1.531406,maize
USA,1912,1.82639,maize
USA,1913,1.4247098,maize
USA,1914,1.6192735,maize
USA,1915,1.7636275,maize
USA,1916,1.5125773,maize
USA,1917,1.6443787,maize
USA,1918,1.5000248,maize
USA,1919,1.6820362,maize
USA,1920,1.8766,maize
USA,1921,1.7447987,maize
USA,1922,1.6506548,maize
USA,1923,1.7447987,maize
USA,1924,1.3870522,maize
USA,1925,1.7196937,maize
USA,1926,1.6129974,maize
USA,1927,1.6569312,maize
USA,1928,1.6506548,maize
USA,1929,1.6129974,maize
USA,1930,1.2866322,maize
USA,1931,1.5376823,maize
USA,1932,1.6632074,maize
USA,1933,1.4309859,maize
USA,1934,1.1736596,maize
USA,1935,1.5188535,maize
USA,1936,1.1673833,maize
USA,1937,1.8138375,maize
USA,1938,1.7447987,maize
USA,1939,1.8766,maize
USA,1940,1.8138375,maize
USA,1941,1.9581914,maize
USA,1942,2.2217941,maize
USA,1943,2.046059,maize
USA,1944,2.071164,maize
USA,1945,2.07744,maize
USA,1946,2.3347666,maize
USA,1947,1.7950088,maize
USA,1948,2.6987894,maize
USA,1949,2.3975291,maize
USA,1950,2.3975291,maize
USA,1951,2.315938,maize
USA,1952,2.6234744,maize
USA,1953,2.5544355,maize
USA,1954,2.4728444,maize
USA,1955,2.6360269,maize
USA,1956,2.9749446,maize
USA,1957,3.0314307,maize
USA,1958,3.3138623,maize
USA,1959,3.332691,maize
USA,1960,3.4331112,maize
USA,1961,3.9163828,maize
USA,1962,4.060736,maize
USA,1963,4.2615767,maize
USA,1964,3.9477642,maize
USA,1965,4.6507044,maize
USA,1966,4.5879416,maize
USA,1967,5.02728,maize
USA,1968,4.989622,maize
USA,1969,5.3913026,maize
USA,1970,4.5440083,maize
USA,1971,5.52938,maize
USA,1972,6.087967,maize
USA,1973,5.7302203,maize
USA,1974,4.512627,maize
USA,1975,5.4226837,maize
USA,1976,5.5231037,maize
USA,1977,5.698839,maize
USA,1978,6.339017,maize
USA,1979,6.8724985,maize
USA,1980,5.7113914,maize
USA,1981,6.8348413,maize
USA,1982,7.1047196,maize
USA,1983,5.090042,maize
USA,1984,6.696763,maize
USA,1985,7.40598,maize
USA,1986,7.493848,maize
USA,1987,7.518953,maize
USA,1988,5.309711,maize
USA,1989,7.299284,maize
USA,1990,7.4373612,maize
USA,1991,6.816012,maize
USA,1992,8.253275,maize
USA,1993,6.320188,maize
USA,1994,8.698889,maize
USA,1995,7.1235485,maize
USA,1996,7.977119,maize
USA,1997,7.952014,maize
USA,1998,8.435286,maize
USA,1999,8.397629,maize
USA,2000,8.592192,maize
USA,2001,8.673783,maize
USA,2002,8.115197,maize
USA,2003,8.924833,maize
USA,2004,10.060836,maize
USA,2005,9.282579,maize
USA,2006,9.357896,maize
USA,2007,9.458315,maize
USA,2008,9.621498,maize
USA,2009,10.318162,maize
USA,2010,9.577564,maize
USA,2011,9.213542,maize
USA,2012,7.726069,maize
USA,2013,9.922758,maize
USA,2014,10.732395,maize
USA,2015,10.569212,maize
USA,2016,10.958341,maize
USA,2017,11.083865,maize
USA,2018,11.071312,maize
USA,2019,10.512726,maize
USA,2020,10.7575,maize
USA,2021,11.090141,maize
USA,2022,10.883024,maize
USA,2023,11.127799,maize
USA,2024,11.2533245,maize
USA,1961,1.6070001,wheat
USA,1962,1.6809001,wheat
USA,1963,1.6949002,wheat
USA,1964,1.7344002,wheat
USA,1965,1.7853001,wheat
USA,1966,1.7688001,wheat
USA,1967,1.7375001,wheat
USA,1968,1.9116001,wheat
USA,1969,2.058,wheat
USA,1970,2.0865002,wheat
USA,1971,2.2829,wheat
USA,1972,2.1983001,wheat
USA,1973,2.1248002,wheat
USA,1974,1.8333001,wheat
USA,1975,2.0582001,wheat
USA,1976,2.0375001,wheat
USA,1977,2.0629,wheat
USA,1978,2.1136003,wheat
USA,1979,2.298,wheat
USA,1980,2.2513,wheat
USA,1981,2.3229,wheat
USA,1982,2.3859,wheat
USA,1983,2.6509001,wheat
USA,1984,2.6073003,wheat
USA,1985,2.5197,wheat
USA,1986,2.3167,wheat
USA,1987,2.5330002,wheat
USA,1988,2.2913,wheat
USA,1989,2.2024,wheat
USA,1990,2.6567001,wheat
USA,1991,2.3038,wheat
USA,1992,2.6433,wheat
USA,1993,2.5699,wheat
USA,1994,2.5270002,wheat
USA,1995,2.4065,wheat
USA,1996,2.4389,wheat
USA,1997,2.6574001,wheat
USA,1998,2.9034,wheat
USA,1999,2.8726003,wheat
USA,2000,2.8238,wheat
USA,2001,2.7018,wheat
USA,2002,2.3567002,wheat
USA,2003,2.9712,wheat
USA,2004,2.9026003,wheat
USA,2005,2.8231003,wheat
USA,2006,2.5986001,wheat
USA,2007,2.7046003,wheat
USA,2008,3.0175002,wheat
USA,2009,2.9897,wheat
USA,2010,3.1167002,wheat
USA,2011,2.9422002,wheat
USA,2012,3.1154,wheat
USA,2013,3.1673002,wheat
USA,2014,2.9378002,wheat
USA,2015,2.9299,wheat
USA,2016,3.5408003,wheat
USA,2017,3.1175,wheat
USA,2018,3.2005002,wheat
USA,2019,3.4746003,wheat
USA,2020,3.3417,wheat
USA,2021,2.9805002,wheat
USA,2022,3.1265001,wheat
USA,2023,3.2694001,wheat
