year,solar_mean,rain_total,humidity_mean,temp_mean,wind_mean,region,ndvi_mean,crop,yield
2000,20.93,-999.0,38.9,28.31,2.52,Ahmedabad_GJ,0.2630134333722693,maize,1.730520095
2001,20.34,-999.0,39.96,28.07,2.52,Ahmedabad_GJ,0.2676796703403358,maize,1.89962
2002,20.38,-999.0,37.53,28.64,2.59,Ahmedabad_GJ,0.2562444391966846,maize,1.596665095
2003,20.06,-999.0,48.97,27.32,2.46,Ahmedabad_GJ,0.2626365890072128,maize,1.93847519
2004,20.13,-999.0,47.63,27.7,2.38,Ahmedabad_GJ,0.2555502113653239,maize,1.811935095
2005,20.37,-999.0,49.27,26.81,2.27,Ahmedabad_GJ,0.2650150688325483,maize,1.841575
2006,19.73,-999.0,52.6,27.3,2.31,Ahmedabad_GJ,0.2628847445668619,maize,1.816875095
2007,20.35,-999.0,52.63,27.27,2.3,Ahmedabad_GJ,0.2692060501686968,maize,2.21844
2008,19.68,-999.0,47.0,27.35,2.46,Ahmedabad_GJ,0.2543216422933916,maize,2.2933
2009,20.65,-999.0,44.87,28.45,2.4,Ahmedabad_GJ,0.2560498600557164,maize,1.922610095
2010,20.07,-999.0,54.22,27.65,2.34,Ahmedabad_GJ,0.2559843668491995,maize,2.4130952850000003
2011,19.83,-999.0,50.81,27.33,2.46,Ahmedabad_GJ,0.2516246759084763,maize,2.35448
2012,19.87,-999.0,45.45,27.41,2.63,Ahmedabad_GJ,0.2453446856882656,maize,2.427915
2013,19.47,-999.0,53.43,26.68,2.39,Ahmedabad_GJ,0.2666645431486659,maize,2.443970095
2014,20.25,-999.0,48.89,27.49,2.37,Ahmedabad_GJ,0.2682141411184013,maize,2.443970095
2015,19.8,-999.0,45.93,28.0,2.44,Ahmedabad_GJ,0.2532695697039827,maize,2.480165095
2016,19.79,-999.0,45.4,28.09,2.37,Ahmedabad_GJ,0.2446101682407306,maize,2.46734019
2017,19.35,-999.0,48.49,27.49,2.37,Ahmedabad_GJ,0.2530446491168325,maize,2.554170285
2018,19.23,-999.0,41.54,28.36,2.37,Ahmedabad_GJ,0.238858756457982,maize,2.91203519
2019,18.98,-999.0,55.15,27.13,2.48,Ahmedabad_GJ,0.2551988348006525,maize,2.91669019
2020,19.54,-999.0,56.59,26.81,2.26,Ahmedabad_GJ,0.2810310518378093,maize,2.85579519
2021,18.81,-999.0,52.08,27.58,2.44,Ahmedabad_GJ,0.2682797037664805,maize,3.039335285
2022,19.59,-999.0,52.11,27.47,2.41,Ahmedabad_GJ,0.2603045210849423,maize,3.21784
2023,18.69,-999.0,53.87,27.09,2.33,Ahmedabad_GJ,0.2533172133107699,maize,3.36765519
2000,20.93,-999.0,38.9,28.31,2.52,Ahmedabad_GJ,0.2630134333722693,wheat,2.639575
2001,20.34,-999.0,39.96,28.07,2.52,Ahmedabad_GJ,0.2676796703403358,wheat,2.572695285
2002,20.38,-999.0,37.53,28.64,2.59,Ahmedabad_GJ,0.2562444391966846,wheat,2.62399519
2003,20.06,-999.0,48.97,27.32,2.46,Ahmedabad_GJ,0.2626365890072128,wheat,2.479500095
2004,20.13,-999.0,47.63,27.7,2.38,Ahmedabad_GJ,0.2555502113653239,wheat,2.57754
2005,20.37,-999.0,49.27,26.81,2.27,Ahmedabad_GJ,0.2650150688325483,wheat,2.47152019
2006,19.73,-999.0,52.6,27.3,2.31,Ahmedabad_GJ,0.2628847445668619,wheat,2.48786019
2007,20.35,-999.0,52.63,27.27,2.3,Ahmedabad_GJ,0.2692060501686968,wheat,2.572505
2008,19.68,-999.0,47.0,27.35,2.46,Ahmedabad_GJ,0.2543216422933916,wheat,2.66209
2009,20.65,-999.0,44.87,28.45,2.4,Ahmedabad_GJ,0.2560498600557164,wheat,2.76174519
2010,20.07,-999.0,54.22,27.65,2.34,Ahmedabad_GJ,0.2559843668491995,wheat,2.69752519
2011,19.83,-999.0,50.81,27.33,2.46,Ahmedabad_GJ,0.2516246759084763,wheat,2.839170285
2012,19.87,-999.0,45.45,27.41,2.63,Ahmedabad_GJ,0.2453446856882656,wheat,3.01862519
2013,19.47,-999.0,53.43,26.68,2.39,Ahmedabad_GJ,0.2666645431486659,wheat,2.99611019
2014,20.25,-999.0,48.89,27.49,2.37,Ahmedabad_GJ,0.2682141411184013,wheat,2.98841519
2015,19.8,-999.0,45.93,28.0,2.44,Ahmedabad_GJ,0.2532695697039827,wheat,2.61212019
2016,19.79,-999.0,45.4,28.09,2.37,Ahmedabad_GJ,0.2446101682407306,wheat,2.882205
2017,19.35,-999.0,48.49,27.49,2.37,Ahmedabad_GJ,0.2530446491168325,wheat,3.03990519
2018,19.23,-999.0,41.54,28.36,2.37,Ahmedabad_GJ,0.238858756457982,wheat,3.19979
2019,18.98,-999.0,55.15,27.13,2.48,Ahmedabad_GJ,0.2551988348006525,wheat,3.35673
2020,19.54,-999.0,56.59,26.81,2.26,Ahmedabad_GJ,0.2810310518378093,wheat,3.267810285
2021,18.81,-999.0,52.08,27.58,2.44,Ahmedabad_GJ,0.2682797037664805,wheat,3.34476
2022,19.59,-999.0,52.11,27.47,2.41,Ahmedabad_GJ,0.2603045210849423,wheat,3.360435
2023,18.69,-999.0,53.87,27.09,2.33,Ahmedabad_GJ,0.2533172133107699,wheat,3.34466519
2000,14.09,-999.0,76.14,10.64,3.09,Champaign_IL,0.4412185568614055,maize,9.8810208
2001,14.52,-999.0,76.67,11.51,3.03,Champaign_IL,0.4033366324555651,maize,9.97485045
2002,14.34,-999.0,79.09,11.13,3.1,Champaign_IL,0.4248733138629492,maize,9.33247655
2003,14.43,-999.0,78.47,10.38,3.08,Champaign_IL,0.4094964934408813,maize,10.26355795
2004,14.44,-999.0,80.38,10.86,3.14,Champaign_IL,0.4215562651210449,maize,11.5699614
2005,14.67,-999.0,78.52,11.34,2.91,Champaign_IL,0.4003296403526348,maize,10.67496585
2006,14.05,-999.0,79.88,11.46,3.04,Champaign_IL,0.4324821083794945,maize,10.7615804
2007,14.58,-999.0,77.9,11.58,3.05,Champaign_IL,0.4191010594239766,maize,10.87706225
2008,14.33,-999.0,81.13,10.0,3.23,Champaign_IL,0.4096903222890033,maize,11.0647227
2009,13.75,-999.0,81.3,10.34,3.05,Champaign_IL,0.4146870646872841,maize,11.865886299999998
2010,14.96,-999.0,78.55,11.31,2.94,Champaign_IL,0.3643215464669547,maize,11.0141986
2011,13.87,-999.0,80.35,11.32,3.1,Champaign_IL,0.4055301348541252,maize,10.5955733
2012,15.42,-999.0,74.37,12.69,3.07,Champaign_IL,0.4368772532334875,maize,8.884979349999998
2013,13.94,-999.0,79.02,10.35,3.08,Champaign_IL,0.4197158587817157,maize,11.4111717
2014,14.13,-999.0,79.56,9.39,3.09,Champaign_IL,0.3986914143740567,maize,12.34225425
2015,14.41,-999.0,79.03,11.16,3.03,Champaign_IL,0.4206367860256378,maize,12.1545938
2016,14.41,-999.0,79.39,12.01,2.99,Champaign_IL,0.4530294325380709,maize,12.60209215
2017,14.69,-999.0,76.68,11.97,3.11,Champaign_IL,0.4427935095163209,maize,12.746444749999998
2018,14.33,-999.0,80.74,11.07,3.0,Champaign_IL,0.4476350249408782,maize,12.7320088
2019,13.93,-999.0,80.95,11.06,3.06,Champaign_IL,0.4284280050684119,maize,12.0896349
2020,14.27,-999.0,77.76,11.57,2.96,Champaign_IL,0.4471183505463139,maize,12.371125
2021,14.35,-999.0,77.89,11.8,2.96,Champaign_IL,0.4434177538321918,maize,12.753662149999998
2022,14.37,-999.0,74.26,11.23,3.18,Champaign_IL,0.4261236096183179,maize,12.5154776
2023,14.53,-999.0,71.75,12.48,2.92,Champaign_IL,0.2798268165114043,maize,12.79696885
2000,14.09,-999.0,76.14,10.64,3.09,Champaign_IL,0.4412185568614055,wheat,3.24737
2001,14.52,-999.0,76.67,11.51,3.03,Champaign_IL,0.4033366324555651,wheat,3.10707
2002,14.34,-999.0,79.09,11.13,3.1,Champaign_IL,0.4248733138629492,wheat,2.71020523
2003,14.43,-999.0,78.47,10.38,3.08,Champaign_IL,0.4094964934408813,wheat,3.41688
2004,14.44,-999.0,80.38,10.86,3.14,Champaign_IL,0.4215562651210449,wheat,3.337990345
2005,14.67,-999.0,78.52,11.34,2.91,Champaign_IL,0.4003296403526348,wheat,3.246565345
2006,14.05,-999.0,79.88,11.46,3.04,Champaign_IL,0.4324821083794945,wheat,2.988390115
2007,14.58,-999.0,77.9,11.58,3.05,Champaign_IL,0.4191010594239766,wheat,3.110290345
2008,14.33,-999.0,81.13,10.0,3.23,Champaign_IL,0.4096903222890033,wheat,3.47012523
2009,13.75,-999.0,81.3,10.34,3.05,Champaign_IL,0.4146870646872841,wheat,3.438155
2010,14.96,-999.0,78.55,11.31,2.94,Champaign_IL,0.3643215464669547,wheat,3.58420523
2011,13.87,-999.0,80.35,11.32,3.1,Champaign_IL,0.4055301348541252,wheat,3.3835302299999994
2012,15.42,-999.0,74.37,12.69,3.07,Champaign_IL,0.4368772532334875,wheat,3.58271
2013,13.94,-999.0,79.02,10.35,3.08,Champaign_IL,0.4197158587817157,wheat,3.64239523
2014,14.13,-999.0,79.56,9.39,3.09,Champaign_IL,0.3986914143740567,wheat,3.37847023
2015,14.41,-999.0,79.03,11.16,3.03,Champaign_IL,0.4206367860256378,wheat,3.369385
2016,14.41,-999.0,79.39,12.01,2.99,Champaign_IL,0.4530294325380709,wheat,4.071920345
2017,14.69,-999.0,76.68,11.97,3.11,Champaign_IL,0.4427935095163209,wheat,3.585125
2018,14.33,-999.0,80.74,11.07,3.0,Champaign_IL,0.4476350249408782,wheat,3.68057523
2019,13.93,-999.0,80.95,11.06,3.06,Champaign_IL,0.4284280050684119,wheat,3.995790345
2020,14.27,-999.0,77.76,11.57,2.96,Champaign_IL,0.4471183505463139,wheat,3.842955
2021,14.35,-999.0,77.89,11.8,2.96,Champaign_IL,0.4434177538321918,wheat,3.4275752299999995
2022,14.37,-999.0,74.26,11.23,3.18,Champaign_IL,0.4261236096183179,wheat,3.595475115
2023,14.53,-999.0,71.75,12.48,2.92,Champaign_IL,0.2798268165114043,wheat,3.759810115
2000,19.88,-999.0,41.54,26.25,2.66,Indore_MP,0.3065708359043922,maize,1.912680105
2001,19.48,-999.0,43.95,26.48,2.61,Indore_MP,0.2923961392718286,maize,2.09958
2002,19.56,-999.0,44.69,26.54,2.82,Indore_MP,0.2993258954193556,maize,1.764735105
2003,19.28,-999.0,54.19,25.79,2.67,Indore_MP,0.3020921950486098,maize,2.14252521
2004,19.52,-999.0,50.31,26.16,2.6,Indore_MP,0.3328662350584629,maize,2.002665105
2005,19.6,-999.0,47.53,26.02,2.59,Indore_MP,0.3211464628289591,maize,2.035425
2006,18.88,-999.0,53.49,26.07,2.51,Indore_MP,0.3205051271805089,maize,2.008125105
2007,19.34,-999.0,51.03,26.12,2.42,Indore_MP,0.3426047970687624,maize,2.45196
2008,18.93,-999.0,46.69,26.19,2.62,Indore_MP,0.3100939227090435,maize,2.5347000000000004
2009,19.46,-999.0,51.38,26.61,2.64,Indore_MP,0.3199830617289234,maize,2.124990105
2010,19.15,-999.0,55.39,26.43,2.47,Indore_MP,0.352176010614566,maize,2.667105315
2011,18.75,-999.0,51.55,25.89,2.52,Indore_MP,0.3188008146210995,maize,2.60232
2012,18.75,-999.0,49.15,25.68,2.79,Indore_MP,0.296001807861762,maize,2.683485
2013,17.56,-999.0,56.71,25.22,2.7,Indore_MP,0.3000788962049292,maize,2.701230105
2014,18.88,-999.0,52.21,26.05,2.72,Indore_MP,0.3279467921924421,maize,2.701230105
2015,18.39,-999.0,52.3,25.99,2.61,Indore_MP,0.3378630605299196,maize,2.741235105
2016,18.77,-999.0,50.95,25.95,2.57,Indore_MP,0.3031139872073969,maize,2.7270602100000003
2017,18.78,-999.0,50.27,26.01,2.52,Indore_MP,0.3301509306272034,maize,2.823030315
2018,18.37,-999.0,45.77,26.38,2.55,Indore_MP,0.3178822673798285,maize,3.21856521
2019,17.95,-999.0,56.33,25.55,2.64,Indore_MP,0.3148930367507907,maize,3.22371021
2020,18.45,-999.0,59.05,25.31,2.28,Indore_MP,0.3765203556039784,maize,3.1564052100000004
2021,17.42,-999.0,57.07,25.74,2.52,Indore_MP,0.3534832722527712,maize,3.359265315
2022,18.32,-999.0,58.34,25.47,2.56,Indore_MP,0.3565523020176476,maize,3.55656
2023,17.6,-999.0,57.18,25.32,2.58,Indore_MP,0.4154481622107667,maize,3.72214521
2000,19.88,-999.0,41.54,26.25,2.66,Indore_MP,0.3065708359043922,wheat,2.917425
2001,19.48,-999.0,43.95,26.48,2.61,Indore_MP,0.2923961392718286,wheat,2.843505315
2002,19.56,-999.0,44.69,26.54,2.82,Indore_MP,0.2993258954193556,wheat,2.90020521
2003,19.28,-999.0,54.19,25.79,2.67,Indore_MP,0.3020921950486098,wheat,2.740500105
2004,19.52,-999.0,50.31,26.16,2.6,Indore_MP,0.3328662350584629,wheat,2.84886
2005,19.6,-999.0,47.53,26.02,2.59,Indore_MP,0.3211464628289591,wheat,2.73168021
2006,18.88,-999.0,53.49,26.07,2.51,Indore_MP,0.3205051271805089,wheat,2.74974021
2007,19.34,-999.0,51.03,26.12,2.42,Indore_MP,0.3426047970687624,wheat,2.843295
2008,18.93,-999.0,46.69,26.19,2.62,Indore_MP,0.3100939227090435,wheat,2.94231
2009,19.46,-999.0,51.38,26.61,2.64,Indore_MP,0.3199830617289234,wheat,3.05245521
2010,19.15,-999.0,55.39,26.43,2.47,Indore_MP,0.352176010614566,wheat,2.98147521
2011,18.75,-999.0,51.55,25.89,2.52,Indore_MP,0.3188008146210995,wheat,3.138030315
2012,18.75,-999.0,49.15,25.68,2.79,Indore_MP,0.296001807861762,wheat,3.33637521
2013,17.56,-999.0,56.71,25.22,2.7,Indore_MP,0.3000788962049292,wheat,3.31149021
2014,18.88,-999.0,52.21,26.05,2.72,Indore_MP,0.3279467921924421,wheat,3.30298521
2015,18.39,-999.0,52.3,25.99,2.61,Indore_MP,0.3378630605299196,wheat,2.88708021
2016,18.77,-999.0,50.95,25.95,2.57,Indore_MP,0.3031139872073969,wheat,3.185595
2017,18.78,-999.0,50.27,26.01,2.52,Indore_MP,0.3301509306272034,wheat,3.3598952100000004
2018,18.37,-999.0,45.77,26.38,2.55,Indore_MP,0.3178822673798285,wheat,3.53661
2019,17.95,-999.0,56.33,25.55,2.64,Indore_MP,0.3148930367507907,wheat,3.71007
2020,18.45,-999.0,59.05,25.31,2.28,Indore_MP,0.3765203556039784,wheat,3.611790315
2021,17.42,-999.0,57.07,25.74,2.52,Indore_MP,0.3534832722527712,wheat,3.69684
2022,18.32,-999.0,58.34,25.47,2.56,Indore_MP,0.3565523020176476,wheat,3.714165
2023,17.6,-999.0,57.18,25.32,2.58,Indore_MP,0.4154481622107667,wheat,3.69673521
2000,18.59,-999.0,36.3,25.84,2.01,Karnal_HR,0.4220097017635653,maize,2.00376011
2001,18.54,-999.0,39.09,25.58,1.82,Karnal_HR,0.4515088790948797,maize,2.1995600000000004
2002,18.33,-999.0,37.15,26.44,1.92,Karnal_HR,0.4541296251704176,maize,1.84877011
2003,17.72,-999.0,47.4,24.89,1.82,Karnal_HR,0.4586143625472,maize,2.2445502200000003
2004,18.26,-999.0,42.84,25.77,1.98,Karnal_HR,0.4591116643778831,maize,2.0980301100000003
2005,18.27,-999.0,45.36,25.03,1.97,Karnal_HR,0.4581890374814464,maize,2.13235
2006,18.26,-999.0,43.38,26.03,2.01,Karnal_HR,0.470761510600782,maize,2.10375011
2007,18.37,-999.0,44.62,25.6,2.01,Karnal_HR,0.4716418490522219,maize,2.5687200000000003
2008,17.69,-999.0,50.61,24.48,1.8,Karnal_HR,0.4547835228056237,maize,2.6554
2009,18.76,-999.0,42.13,25.83,1.87,Karnal_HR,0.4534764033380261,maize,2.22618011
2010,17.58,-999.0,48.69,25.47,1.82,Karnal_HR,0.4410196869726115,maize,2.7941103300000005
2011,17.76,-999.0,53.56,24.33,1.73,Karnal_HR,0.4520006829116935,maize,2.72624
2012,17.81,-999.0,42.74,24.93,2.07,Karnal_HR,0.4429381073637622,maize,2.81127
2013,17.65,-999.0,52.35,24.24,1.88,Karnal_HR,0.4830787769449792,maize,2.8298601100000003
2014,17.8,-999.0,42.88,25.13,2.0,Karnal_HR,0.4633617620405316,maize,2.8298601100000003
2015,17.53,-999.0,46.31,24.81,1.89,Karnal_HR,0.468149928270303,maize,2.87177011
2016,17.57,-999.0,38.85,26.01,1.83,Karnal_HR,0.4573442675817102,maize,2.85692022
2017,17.69,-999.0,43.45,25.34,1.91,Karnal_HR,0.468716283513156,maize,2.9574603300000004
2018,17.37,-999.0,48.98,24.69,1.86,Karnal_HR,0.4841167129564915,maize,3.37183022
2019,17.07,-999.0,51.34,24.67,1.92,Karnal_HR,0.492391913263905,maize,3.3772202200000003
2020,17.52,-999.0,53.49,24.1,1.87,Karnal_HR,0.4915325491996019,maize,3.3067102200000003
2021,17.18,-999.0,54.08,24.3,1.78,Karnal_HR,0.4737982657643689,maize,3.51923033
2022,17.26,-999.0,58.06,24.55,1.86,Karnal_HR,0.4886955845346477,maize,3.72592
2023,17.24,-999.0,57.25,24.05,1.8,Karnal_HR,0.6665984492179169,maize,3.89939022
2000,18.59,-999.0,36.3,25.84,2.01,Karnal_HR,0.4220097017635653,wheat,3.056350000000001
2001,18.54,-999.0,39.09,25.58,1.82,Karnal_HR,0.4515088790948797,wheat,2.97891033
2002,18.33,-999.0,37.15,26.44,1.92,Karnal_HR,0.4541296251704176,wheat,3.03831022
2003,17.72,-999.0,47.4,24.89,1.82,Karnal_HR,0.4586143625472,wheat,2.87100011
2004,18.26,-999.0,42.84,25.77,1.98,Karnal_HR,0.4591116643778831,wheat,2.9845200000000003
2005,18.27,-999.0,45.36,25.03,1.97,Karnal_HR,0.4581890374814464,wheat,2.8617602200000003
2006,18.26,-999.0,43.38,26.03,2.01,Karnal_HR,0.470761510600782,wheat,2.8806802200000003
2007,18.37,-999.0,44.62,25.6,2.01,Karnal_HR,0.4716418490522219,wheat,2.9786900000000003
2008,17.69,-999.0,50.61,24.48,1.8,Karnal_HR,0.4547835228056237,wheat,3.0824200000000004
2009,18.76,-999.0,42.13,25.83,1.87,Karnal_HR,0.4534764033380261,wheat,3.19781022
2010,17.58,-999.0,48.69,25.47,1.82,Karnal_HR,0.4410196869726115,wheat,3.12345022
2011,17.76,-999.0,53.56,24.33,1.73,Karnal_HR,0.4520006829116935,wheat,3.28746033
2012,17.81,-999.0,42.74,24.93,2.07,Karnal_HR,0.4429381073637622,wheat,3.49525022
2013,17.65,-999.0,52.35,24.24,1.88,Karnal_HR,0.4830787769449792,wheat,3.46918022
2014,17.8,-999.0,42.88,25.13,2.0,Karnal_HR,0.4633617620405316,wheat,3.46027022
2015,17.53,-999.0,46.31,24.81,1.89,Karnal_HR,0.468149928270303,wheat,3.024560220000001
2016,17.57,-999.0,38.85,26.01,1.83,Karnal_HR,0.4573442675817102,wheat,3.3372900000000003
2017,17.69,-999.0,43.45,25.34,1.91,Karnal_HR,0.468716283513156,wheat,3.51989022
2018,17.37,-999.0,48.98,24.69,1.86,Karnal_HR,0.4841167129564915,wheat,3.70502
2019,17.07,-999.0,51.34,24.67,1.92,Karnal_HR,0.492391913263905,wheat,3.88674
2020,17.52,-999.0,53.49,24.1,1.87,Karnal_HR,0.4915325491996019,wheat,3.78378033
2021,17.18,-999.0,54.08,24.3,1.78,Karnal_HR,0.4737982657643689,wheat,3.87288
2022,17.26,-999.0,58.06,24.55,1.86,Karnal_HR,0.4886955845346477,wheat,3.8910300000000007
2023,17.24,-999.0,57.25,24.05,1.8,Karnal_HR,0.6665984492179169,wheat,3.87277022
2000,15.38,-999.0,62.52,11.53,3.48,Lancaster_NE,0.4029569279986658,maize,9.4514112
2001,15.64,-999.0,69.17,11.4,3.46,Lancaster_NE,0.3913885610499019,maize,9.5411613
2002,15.75,-999.0,63.49,11.38,3.58,Lancaster_NE,0.4063305004453404,maize,8.926716700000002
2003,15.6,-999.0,65.36,10.94,3.37,Lancaster_NE,0.4006344046913752,maize,9.8173163
2004,15.33,-999.0,68.98,11.01,3.44,Lancaster_NE,0.4074767352530602,maize,11.0669196
2005,15.66,-999.0,67.35,11.78,3.49,Lancaster_NE,0.3872351931944908,maize,10.2108369
2006,15.56,-999.0,66.16,11.87,3.51,Lancaster_NE,0.4241341302648665,maize,10.293685600000002
2007,15.61,-999.0,75.15,10.83,3.54,Lancaster_NE,0.3795048400483012,maize,10.4041465
2008,15.5,-999.0,74.54,9.32,3.51,Lancaster_NE,0.3914582160823687,maize,10.5836478
2009,14.98,-999.0,71.99,9.83,3.43,Lancaster_NE,0.4126062665946746,maize,11.3499782
2010,15.42,-999.0,73.52,10.57,3.33,Lancaster_NE,0.390443903422859,maize,10.535320400000002
2011,15.45,-999.0,68.16,10.82,3.4,Lancaster_NE,0.4062588138900543,maize,10.134896200000002
2012,16.69,-999.0,58.9,13.4,3.52,Lancaster_NE,0.3914238665155136,maize,8.4986759
2013,15.2,-999.0,67.78,10.24,3.57,Lancaster_NE,0.4219260438706431,maize,10.915033800000002
2014,15.55,-999.0,68.8,9.8,3.56,Lancaster_NE,0.4246650693647209,maize,11.805634500000002
2015,15.14,-999.0,72.35,11.12,3.32,Lancaster_NE,0.4331570930435236,maize,11.626133200000002
2016,15.61,-999.0,72.07,11.97,3.43,Lancaster_NE,0.4395487660349638,maize,12.054175100000002
2017,15.63,-999.0,68.35,11.56,3.43,Lancaster_NE,0.4438886525362544,maize,12.1922515
2018,14.94,-999.0,73.33,10.12,3.33,Lancaster_NE,0.4251055525503002,maize,12.178443200000002
2019,15.07,-999.0,78.24,9.67,3.4,Lancaster_NE,0.4269508863703125,maize,11.5639986
2020,15.66,-999.0,70.01,11.07,3.44,Lancaster_NE,0.4221971869534136,maize,11.83325
2021,15.59,-999.0,69.05,11.85,3.29,Lancaster_NE,0.4265476087621626,maize,12.1991551
2022,16.15,-999.0,59.04,11.47,3.73,Lancaster_NE,0.3960327817612867,maize,11.971326400000002
2023,15.79,-999.0,63.87,12.35,3.25,Lancaster_NE,0.2162922940082013,maize,12.2405789
2000,15.38,-999.0,62.52,11.53,3.48,Lancaster_NE,0.4029569279986658,wheat,3.10618
2001,15.64,-999.0,69.17,11.4,3.46,Lancaster_NE,0.3913885610499019,wheat,2.9719800000000003
2002,15.75,-999.0,63.49,11.38,3.58,Lancaster_NE,0.4063305004453404,wheat,2.5923702200000003
2003,15.6,-999.0,65.36,10.94,3.37,Lancaster_NE,0.4006344046913752,wheat,3.26832
2004,15.33,-999.0,68.98,11.01,3.44,Lancaster_NE,0.4074767352530602,wheat,3.19286033
2005,15.66,-999.0,67.35,11.78,3.49,Lancaster_NE,0.3872351931944908,wheat,3.10541033
2006,15.56,-999.0,66.16,11.87,3.51,Lancaster_NE,0.4241341302648665,wheat,2.85846011
2007,15.61,-999.0,75.15,10.83,3.54,Lancaster_NE,0.3795048400483012,wheat,2.9750603300000003
2008,15.5,-999.0,74.54,9.32,3.51,Lancaster_NE,0.3914582160823687,wheat,3.3192502200000007
2009,14.98,-999.0,71.99,9.83,3.43,Lancaster_NE,0.4126062665946746,wheat,3.28867
2010,15.42,-999.0,73.52,10.57,3.33,Lancaster_NE,0.390443903422859,wheat,3.42837022
2011,15.45,-999.0,68.16,10.82,3.4,Lancaster_NE,0.4062588138900543,wheat,3.23642022
2012,16.69,-999.0,58.9,13.4,3.52,Lancaster_NE,0.3914238665155136,wheat,3.4269400000000005
2013,15.2,-999.0,67.78,10.24,3.57,Lancaster_NE,0.4219260438706431,wheat,3.4840302200000006
2014,15.55,-999.0,68.8,9.8,3.56,Lancaster_NE,0.4246650693647209,wheat,3.23158022
2015,15.14,-999.0,72.35,11.12,3.32,Lancaster_NE,0.4331570930435236,wheat,3.22289
2016,15.61,-999.0,72.07,11.97,3.43,Lancaster_NE,0.4395487660349638,wheat,3.89488033
2017,15.63,-999.0,68.35,11.56,3.43,Lancaster_NE,0.4438886525362544,wheat,3.429250000000001
2018,14.94,-999.0,73.33,10.12,3.33,Lancaster_NE,0.4251055525503002,wheat,3.5205502200000005
2019,15.07,-999.0,78.24,9.67,3.4,Lancaster_NE,0.4269508863703125,wheat,3.82206033
2020,15.66,-999.0,70.01,11.07,3.44,Lancaster_NE,0.4221971869534136,wheat,3.67587
2021,15.59,-999.0,69.05,11.85,3.29,Lancaster_NE,0.4265476087621626,wheat,3.27855022
2022,16.15,-999.0,59.04,11.47,3.73,Lancaster_NE,0.3960327817612867,wheat,3.4391501100000004
2023,15.79,-999.0,63.87,12.35,3.25,Lancaster_NE,0.2162922940082013,wheat,3.5963401100000003
2000,19.01,-999.0,48.7,16.78,3.55,Lubbock_TX,0.2985703374366004,maize,8.1625824
2001,19.01,-999.0,51.86,16.77,3.38,Lubbock_TX,0.2766278512333198,maize,8.24009385
2002,18.69,-999.0,51.42,16.05,3.48,Lubbock_TX,0.289132690683571,maize,7.709437149999999
2003,19.43,-999.0,48.82,16.87,3.47,Lubbock_TX,0.2788388913061898,maize,8.478591349999999
2004,18.37,-999.0,59.63,15.84,3.36,Lubbock_TX,0.323279867098491,maize,9.5577942
2005,19.01,-999.0,56.99,16.14,3.28,Lubbock_TX,0.3376032404788979,maize,8.81845005
2006,19.44,-999.0,49.49,16.96,3.38,Lubbock_TX,0.2826240913983844,maize,8.8900012
2007,18.47,-999.0,60.87,15.23,3.22,Lubbock_TX,0.3362656868430074,maize,8.98539925
2008,19.85,-999.0,50.66,15.95,3.56,Lubbock_TX,0.307401107741253,maize,9.1404231
2009,19.26,-999.0,50.16,16.19,3.34,Lubbock_TX,0.2862861842392124,maize,9.802253899999998
2010,19.07,-999.0,56.07,15.75,3.43,Lubbock_TX,0.306580384920801,maize,9.0986858
2011,20.49,-999.0,40.49,17.63,3.61,Lubbock_TX,0.2417386277229727,maize,8.7528649
2012,19.65,-999.0,45.66,17.64,3.43,Lubbock_TX,0.2659213289555404,maize,7.339765549999999
2013,19.87,-999.0,48.23,16.16,3.49,Lubbock_TX,0.2673415938541951,maize,9.4266201
2014,19.23,-999.0,50.9,16.01,3.51,Lubbock_TX,0.2933289010155167,maize,10.19577525
2015,18.62,-999.0,57.97,16.21,3.33,Lubbock_TX,0.3256541621143818,maize,10.0407514
2016,19.41,-999.0,54.14,17.16,3.43,Lubbock_TX,0.3130298505619942,maize,10.41042395
2017,19.54,-999.0,52.28,17.13,3.48,Lubbock_TX,0.3147435886355447,maize,10.52967175
2018,19.31,-999.0,50.73,16.84,3.53,Lubbock_TX,0.2897953191362695,maize,10.5177464
2019,19.12,-999.0,53.09,16.63,3.49,Lubbock_TX,0.3327611047730179,maize,9.9870897
2020,19.62,-999.0,46.54,17.44,3.55,Lubbock_TX,0.2885326030937113,maize,10.219625
2021,19.34,-999.0,50.28,16.93,3.46,Lubbock_TX,0.314824652964591,maize,10.53563395
2022,19.99,-999.0,44.19,17.33,3.48,Lubbock_TX,0.2712130620672916,maize,10.3388728
2023,19.62,-999.0,47.22,17.8,3.35,Lubbock_TX,0.2312068545868303,maize,10.57140905
2000,19.01,-999.0,48.7,16.78,3.55,Lubbock_TX,0.2985703374366004,wheat,2.68261
2001,19.01,-999.0,51.86,16.77,3.38,Lubbock_TX,0.2766278512333198,wheat,2.56671
2002,18.69,-999.0,51.42,16.05,3.48,Lubbock_TX,0.289132690683571,wheat,2.23886519
2003,19.43,-999.0,48.82,16.87,3.47,Lubbock_TX,0.2788388913061898,wheat,2.82264
2004,18.37,-999.0,59.63,15.84,3.36,Lubbock_TX,0.323279867098491,wheat,2.757470285
2005,19.01,-999.0,56.99,16.14,3.28,Lubbock_TX,0.3376032404788979,wheat,2.681945285
2006,19.44,-999.0,49.49,16.96,3.38,Lubbock_TX,0.2826240913983844,wheat,2.468670095
2007,18.47,-999.0,60.87,15.23,3.22,Lubbock_TX,0.3362656868430074,wheat,2.569370285
2008,19.85,-999.0,50.66,15.95,3.56,Lubbock_TX,0.307401107741253,wheat,2.86662519
2009,19.26,-999.0,50.16,16.19,3.34,Lubbock_TX,0.2862861842392124,wheat,2.840215
2010,19.07,-999.0,56.07,15.75,3.43,Lubbock_TX,0.306580384920801,wheat,2.96086519
2011,20.49,-999.0,40.49,17.63,3.61,Lubbock_TX,0.2417386277229727,wheat,2.79509019
2012,19.65,-999.0,45.66,17.64,3.43,Lubbock_TX,0.2659213289555404,wheat,2.95963
2013,19.87,-999.0,48.23,16.16,3.49,Lubbock_TX,0.2673415938541951,wheat,3.00893519
2014,19.23,-999.0,50.9,16.01,3.51,Lubbock_TX,0.2933289010155167,wheat,2.79091019
2015,18.62,-999.0,57.97,16.21,3.33,Lubbock_TX,0.3256541621143818,wheat,2.783405
2016,19.41,-999.0,54.14,17.16,3.43,Lubbock_TX,0.3130298505619942,wheat,3.363760285
2017,19.54,-999.0,52.28,17.13,3.48,Lubbock_TX,0.3147435886355447,wheat,2.961625
2018,19.31,-999.0,50.73,16.84,3.53,Lubbock_TX,0.2897953191362695,wheat,3.04047519
2019,19.12,-999.0,53.09,16.63,3.49,Lubbock_TX,0.3327611047730179,wheat,3.300870285
2020,19.62,-999.0,46.54,17.44,3.55,Lubbock_TX,0.2885326030937113,wheat,3.174615
2021,19.34,-999.0,50.28,16.93,3.46,Lubbock_TX,0.314824652964591,wheat,2.83147519
2022,19.99,-999.0,44.19,17.33,3.48,Lubbock_TX,0.2712130620672916,wheat,2.970175095
2023,19.62,-999.0,47.22,17.8,3.35,Lubbock_TX,0.2312068545868303,wheat,3.105930095
2000,20.17,-999.0,58.58,26.92,2.77,Raichur_KA,0.3226612049763142,maize,1.63944009
2001,20.16,-999.0,57.06,27.31,2.98,Raichur_KA,0.2814029883124443,maize,1.79964
2002,20.57,-999.0,57.17,27.58,2.94,Raichur_KA,0.3071084104123582,maize,1.51263009
2003,20.4,-999.0,55.82,27.98,2.94,Raichur_KA,0.3151313700421556,maize,1.83645018
2004,20.62,-999.0,59.24,26.89,2.93,Raichur_KA,0.3090028233924336,maize,1.71657009
2005,19.89,-999.0,64.6,26.4,2.62,Raichur_KA,0.3297789772781936,maize,1.74465
2006,20.1,-999.0,61.84,26.81,2.85,Raichur_KA,0.3195368937253281,maize,1.72125009
2007,20.18,-999.0,61.52,26.71,2.76,Raichur_KA,0.3297364351803145,maize,2.10168
2008,20.13,-999.0,60.98,26.7,2.8,Raichur_KA,0.3284507608746605,maize,2.1726
2009,20.16,-999.0,58.27,27.54,2.9,Raichur_KA,0.3116112873190541,maize,1.82142009
2010,19.35,-999.0,61.25,27.58,2.77,Raichur_KA,0.3651188330049781,maize,2.2860902700000003
2011,20.27,-999.0,54.54,27.72,3.1,Raichur_KA,0.3261030616432786,maize,2.23056
2012,20.23,-999.0,54.43,27.74,3.0,Raichur_KA,0.3034807002432442,maize,2.30013
2013,19.57,-999.0,60.14,27.05,3.11,Raichur_KA,0.3459137420968708,maize,2.31534009
2014,19.73,-999.0,59.36,27.1,2.84,Raichur_KA,0.3630941282543381,maize,2.31534009
2015,20.35,-999.0,56.24,27.64,2.91,Raichur_KA,0.3261564328127689,maize,2.34963009
2016,19.61,-999.0,55.76,27.53,2.83,Raichur_KA,0.3352818766299991,maize,2.33748018
2017,19.93,-999.0,56.65,27.38,2.56,Raichur_KA,0.3622597437314135,maize,2.41974027
2018,19.36,-999.0,50.46,28.06,2.87,Raichur_KA,0.2940430714520541,maize,2.75877018
2019,19.46,-999.0,57.01,28.15,2.91,Raichur_KA,0.330969587332453,maize,2.76318018
2020,19.14,-999.0,64.4,27.19,2.66,Raichur_KA,0.3862516634940772,maize,2.70549018
2021,18.66,-999.0,62.1,27.23,2.83,Raichur_KA,0.3906093069673128,maize,2.87937027
2022,18.58,-999.0,62.55,27.21,2.65,Raichur_KA,0.3843913194428409,maize,3.04848
2023,19.52,-999.0,55.47,28.13,2.91,Raichur_KA,0.3823272893038117,maize,3.19041018
2000,20.17,-999.0,58.58,26.92,2.77,Raichur_KA,0.3226612049763142,wheat,2.5006500000000003
2001,20.16,-999.0,57.06,27.31,2.98,Raichur_KA,0.2814029883124443,wheat,2.43729027
2002,20.57,-999.0,57.17,27.58,2.94,Raichur_KA,0.3071084104123582,wheat,2.48589018
2003,20.4,-999.0,55.82,27.98,2.94,Raichur_KA,0.3151313700421556,wheat,2.34900009
2004,20.62,-999.0,59.24,26.89,2.93,Raichur_KA,0.3090028233924336,wheat,2.4418800000000003
2005,19.89,-999.0,64.6,26.4,2.62,Raichur_KA,0.3297789772781936,wheat,2.34144018
2006,20.1,-999.0,61.84,26.81,2.85,Raichur_KA,0.3195368937253281,wheat,2.35692018
2007,20.18,-999.0,61.52,26.71,2.76,Raichur_KA,0.3297364351803145,wheat,2.43711
2008,20.13,-999.0,60.98,26.7,2.8,Raichur_KA,0.3284507608746605,wheat,2.52198
2009,20.16,-999.0,58.27,27.54,2.9,Raichur_KA,0.3116112873190541,wheat,2.61639018
2010,19.35,-999.0,61.25,27.58,2.77,Raichur_KA,0.3651188330049781,wheat,2.55555018
2011,20.27,-999.0,54.54,27.72,3.1,Raichur_KA,0.3261030616432786,wheat,2.68974027
2012,20.23,-999.0,54.43,27.74,3.0,Raichur_KA,0.3034807002432442,wheat,2.85975018
2013,19.57,-999.0,60.14,27.05,3.11,Raichur_KA,0.3459137420968708,wheat,2.83842018
2014,19.73,-999.0,59.36,27.1,2.84,Raichur_KA,0.3630941282543381,wheat,2.83113018
2015,20.35,-999.0,56.24,27.64,2.91,Raichur_KA,0.3261564328127689,wheat,2.47464018
2016,19.61,-999.0,55.76,27.53,2.83,Raichur_KA,0.3352818766299991,wheat,2.73051
2017,19.93,-999.0,56.65,27.38,2.56,Raichur_KA,0.3622597437314135,wheat,2.87991018
2018,19.36,-999.0,50.46,28.06,2.87,Raichur_KA,0.2940430714520541,wheat,3.03138
2019,19.46,-999.0,57.01,28.15,2.91,Raichur_KA,0.330969587332453,wheat,3.18006
2020,19.14,-999.0,64.4,27.19,2.66,Raichur_KA,0.3862516634940772,wheat,3.09582027
2021,18.66,-999.0,62.1,27.23,2.83,Raichur_KA,0.3906093069673128,wheat,3.16872
2022,18.58,-999.0,62.55,27.21,2.65,Raichur_KA,0.3843913194428409,wheat,3.18357
2023,19.52,-999.0,55.47,28.13,2.91,Raichur_KA,0.3823272893038117,wheat,3.16863018
2000,15.69,-999.0,61.51,13.1,3.42,Riley_KS,0.4130700497245641,maize,8.592192
2001,15.92,-999.0,68.42,12.84,3.32,Riley_KS,0.4091428085360418,maize,8.673783
2002,16.02,-999.0,62.9,12.73,3.41,Riley_KS,0.4042611866114998,maize,8.115197
2003,15.64,-999.0,64.9,12.36,3.28,Riley_KS,0.4231732791642352,maize,8.924833
2004,15.65,-999.0,70.06,12.21,3.4,Riley_KS,0.4179772935340153,maize,10.060836
2005,15.73,-999.0,70.53,12.5,3.32,Riley_KS,0.4119608502952217,maize,9.282579
2006,15.91,-999.0,63.84,13.45,3.43,Riley_KS,0.4108408190788217,maize,9.357896
2007,15.37,-999.0,75.28,12.15,3.37,Riley_KS,0.4138495983608146,maize,9.458315
2008,15.32,-999.0,74.59,10.81,3.46,Riley_KS,0.4151140206038028,maize,9.621498
2009,15.17,-999.0,72.06,11.23,3.38,Riley_KS,0.4168707393389178,maize,10.318162
2010,15.56,-999.0,72.34,12.25,3.25,Riley_KS,0.4069595085977682,maize,9.577564
2011,15.91,-999.0,65.93,12.39,3.34,Riley_KS,0.4044157162566518,maize,9.213542
2012,16.77,-999.0,60.58,14.5,3.36,Riley_KS,0.4209447657011795,maize,7.726069
2013,15.32,-999.0,67.12,11.59,3.45,Riley_KS,0.4272819835643328,maize,9.922758
2014,15.79,-999.0,64.89,11.68,3.53,Riley_KS,0.4083877155637753,maize,10.732395
2015,15.37,-999.0,69.72,12.79,3.22,Riley_KS,0.4324897710980863,maize,10.569212
2016,15.96,-999.0,71.97,13.35,3.28,Riley_KS,0.4440917959013152,maize,10.958341
2017,15.8,-999.0,67.03,13.22,3.43,Riley_KS,0.4426673391437541,maize,11.083865
2018,15.21,-999.0,70.1,12.11,3.25,Riley_KS,0.4310306950031555,maize,11.071312
2019,15.41,-999.0,80.43,10.99,3.27,Riley_KS,0.4291475084273172,maize,10.512726
2020,15.72,-999.0,71.51,12.28,3.25,Riley_KS,0.4440626783372015,maize,10.7575
2021,15.61,-999.0,67.56,13.36,3.27,Riley_KS,0.4445538377473777,maize,11.090141
2022,16.25,-999.0,60.49,12.64,3.52,Riley_KS,0.4204840958501902,maize,10.883024
2023,16.11,-999.0,63.27,13.71,3.12,Riley_KS,0.2983523346926322,maize,11.127799
2000,15.69,-999.0,61.51,13.1,3.42,Riley_KS,0.4130700497245641,wheat,2.8238
2001,15.92,-999.0,68.42,12.84,3.32,Riley_KS,0.4091428085360418,wheat,2.7018
2002,16.02,-999.0,62.9,12.73,3.41,Riley_KS,0.4042611866114998,wheat,2.3567002
2003,15.64,-999.0,64.9,12.36,3.28,Riley_KS,0.4231732791642352,wheat,2.9712
2004,15.65,-999.0,70.06,12.21,3.4,Riley_KS,0.4179772935340153,wheat,2.9026003
2005,15.73,-999.0,70.53,12.5,3.32,Riley_KS,0.4119608502952217,wheat,2.8231003
2006,15.91,-999.0,63.84,13.45,3.43,Riley_KS,0.4108408190788217,wheat,2.5986001
2007,15.37,-999.0,75.28,12.15,3.37,Riley_KS,0.4138495983608146,wheat,2.7046003
2008,15.32,-999.0,74.59,10.81,3.46,Riley_KS,0.4151140206038028,wheat,3.0175002
2009,15.17,-999.0,72.06,11.23,3.38,Riley_KS,0.4168707393389178,wheat,2.9897
2010,15.56,-999.0,72.34,12.25,3.25,Riley_KS,0.4069595085977682,wheat,3.1167002
2011,15.91,-999.0,65.93,12.39,3.34,Riley_KS,0.4044157162566518,wheat,2.9422002
2012,16.77,-999.0,60.58,14.5,3.36,Riley_KS,0.4209447657011795,wheat,3.1154
2013,15.32,-999.0,67.12,11.59,3.45,Riley_KS,0.4272819835643328,wheat,3.1673002
2014,15.79,-999.0,64.89,11.68,3.53,Riley_KS,0.4083877155637753,wheat,2.9378002
2015,15.37,-999.0,69.72,12.79,3.22,Riley_KS,0.4324897710980863,wheat,2.9299
2016,15.96,-999.0,71.97,13.35,3.28,Riley_KS,0.4440917959013152,wheat,3.5408003
2017,15.8,-999.0,67.03,13.22,3.43,Riley_KS,0.4426673391437541,wheat,3.1175
2018,15.21,-999.0,70.1,12.11,3.25,Riley_KS,0.4310306950031555,wheat,3.2005002
2019,15.41,-999.0,80.43,10.99,3.27,Riley_KS,0.4291475084273172,wheat,3.4746003
2020,15.72,-999.0,71.51,12.28,3.25,Riley_KS,0.4440626783372015,wheat,3.3417
2021,15.61,-999.0,67.56,13.36,3.27,Riley_KS,0.4445538377473777,wheat,2.9805002
2022,16.25,-999.0,60.49,12.64,3.52,Riley_KS,0.4204840958501902,wheat,3.1265001
2023,16.11,-999.0,63.27,13.71,3.12,Riley_KS,0.2983523346926322,wheat,3.2694001
2000,18.59,-999.0,45.09,25.74,1.86,Sitapur_UP,0.3994634622891324,maize,1.8216001
2001,18.22,-999.0,42.84,26.31,1.75,Sitapur_UP,0.4029981347988864,maize,1.9996
2002,18.24,-999.0,42.65,26.83,1.87,Sitapur_UP,0.4073856556301415,maize,1.6807001
2003,17.45,-999.0,51.32,25.54,1.83,Sitapur_UP,0.414196883826914,maize,2.0405002
2004,18.17,-999.0,51.63,25.6,1.92,Sitapur_UP,0.4399690217782362,maize,1.9073001
2005,18.33,-999.0,51.23,25.62,1.93,Sitapur_UP,0.4321304255581042,maize,1.9385
2006,18.43,-999.0,49.95,26.17,1.9,Sitapur_UP,0.4162210913981981,maize,1.9125001
2007,17.77,-999.0,53.21,25.48,1.96,Sitapur_UP,0.4474049811620598,maize,2.3352
2008,17.23,-999.0,58.19,24.88,1.68,Sitapur_UP,0.4140935112128966,maize,2.414
2009,18.68,-999.0,53.38,25.72,1.95,Sitapur_UP,0.4526555387478771,maize,2.0238001
2010,17.76,-999.0,55.3,25.91,1.92,Sitapur_UP,0.4305992782575352,maize,2.5401003
2011,17.47,-999.0,58.09,24.98,1.79,Sitapur_UP,0.4502667733988527,maize,2.4784
2012,17.99,-999.0,52.34,25.12,2.05,Sitapur_UP,0.4284384656465769,maize,2.5557
2013,17.36,-999.0,59.55,24.73,2.01,Sitapur_UP,0.4521123534878466,maize,2.5726001
2014,17.87,-999.0,48.14,25.84,2.12,Sitapur_UP,0.4652698237163231,maize,2.5726001
2015,17.87,-999.0,47.44,26.14,1.96,Sitapur_UP,0.4648079091482714,maize,2.6107001
2016,17.57,-999.0,47.45,26.36,1.89,Sitapur_UP,0.425428203353533,maize,2.5972002
2017,17.46,-999.0,49.55,26.21,1.88,Sitapur_UP,0.4814982119370057,maize,2.6886003
2018,17.08,-999.0,51.78,25.82,2.0,Sitapur_UP,0.4621370083425247,maize,3.0653002
2019,17.01,-999.0,57.93,25.26,1.93,Sitapur_UP,0.5066032674686725,maize,3.0702002
2020,17.0,-999.0,56.7,24.84,1.89,Sitapur_UP,0.5154446204252744,maize,3.0061002
2021,16.67,-999.0,55.94,25.2,1.94,Sitapur_UP,0.5009324186951606,maize,3.1993003
2022,17.12,-999.0,59.01,25.42,1.98,Sitapur_UP,0.5246548020111516,maize,3.3872
2023,16.84,-999.0,56.21,25.43,1.87,Sitapur_UP,0.5454425410762598,maize,3.5449002
2000,18.59,-999.0,45.09,25.74,1.86,Sitapur_UP,0.3994634622891324,wheat,2.7785
2001,18.22,-999.0,42.84,26.31,1.75,Sitapur_UP,0.4029981347988864,wheat,2.7081003
2002,18.24,-999.0,42.65,26.83,1.87,Sitapur_UP,0.4073856556301415,wheat,2.7621002
2003,17.45,-999.0,51.32,25.54,1.83,Sitapur_UP,0.414196883826914,wheat,2.6100001
2004,18.17,-999.0,51.63,25.6,1.92,Sitapur_UP,0.4399690217782362,wheat,2.7132
2005,18.33,-999.0,51.23,25.62,1.93,Sitapur_UP,0.4321304255581042,wheat,2.6016002
2006,18.43,-999.0,49.95,26.17,1.9,Sitapur_UP,0.4162210913981981,wheat,2.6188002
2007,17.77,-999.0,53.21,25.48,1.96,Sitapur_UP,0.4474049811620598,wheat,2.7079
2008,17.23,-999.0,58.19,24.88,1.68,Sitapur_UP,0.4140935112128966,wheat,2.8022
2009,18.68,-999.0,53.38,25.72,1.95,Sitapur_UP,0.4526555387478771,wheat,2.9071002
2010,17.76,-999.0,55.3,25.91,1.92,Sitapur_UP,0.4305992782575352,wheat,2.8395002
2011,17.47,-999.0,58.09,24.98,1.79,Sitapur_UP,0.4502667733988527,wheat,2.9886003
2012,17.99,-999.0,52.34,25.12,2.05,Sitapur_UP,0.4284384656465769,wheat,3.1775002
2013,17.36,-999.0,59.55,24.73,2.01,Sitapur_UP,0.4521123534878466,wheat,3.1538002
2014,17.87,-999.0,48.14,25.84,2.12,Sitapur_UP,0.4652698237163231,wheat,3.1457002
2015,17.87,-999.0,47.44,26.14,1.96,Sitapur_UP,0.4648079091482714,wheat,2.7496002
2016,17.57,-999.0,47.45,26.36,1.89,Sitapur_UP,0.425428203353533,wheat,3.0339
2017,17.46,-999.0,49.55,26.21,1.88,Sitapur_UP,0.4814982119370057,wheat,3.1999002
2018,17.08,-999.0,51.78,25.82,2.0,Sitapur_UP,0.4621370083425247,wheat,3.3682
2019,17.01,-999.0,57.93,25.26,1.93,Sitapur_UP,0.5066032674686725,wheat,3.5334
2020,17.0,-999.0,56.7,24.84,1.89,Sitapur_UP,0.5154446204252744,wheat,3.4398003
2021,16.67,-999.0,55.94,25.2,1.94,Sitapur_UP,0.5009324186951606,wheat,3.5208
2022,17.12,-999.0,59.01,25.42,1.98,Sitapur_UP,0.5246548020111516,wheat,3.5373
2023,16.84,-999.0,56.21,25.43,1.87,Sitapur_UP,0.5454425410762598,wheat,3.5207002
2000,14.07,-999.0,68.27,10.05,3.44,Story_IA,0.4184516216030947,maize,9.623255040000002
2001,14.45,-999.0,76.26,9.7,3.32,Story_IA,0.3759492221738642,maize,9.714636960000002
2002,14.81,-999.0,71.19,9.87,3.42,Story_IA,0.4332302983568603,maize,9.08902064
2003,14.82,-999.0,68.82,9.51,3.34,Story_IA,0.3873596893695707,maize,9.99581296
2004,14.26,-999.0,73.6,9.59,3.41,Story_IA,0.4134458215028858,maize,11.268136320000002
2005,14.78,-999.0,68.88,10.72,3.33,Story_IA,0.390606333474895,maize,10.39648848
2006,14.13,-999.0,68.65,10.93,3.45,Story_IA,0.4349767917273064,maize,10.48084352
2007,14.99,-999.0,77.53,9.64,3.46,Story_IA,0.3782757890639034,maize,10.5933128
2008,14.54,-999.0,80.53,7.9,3.37,Story_IA,0.3581931022109068,maize,10.776077760000002
2009,14.19,-999.0,79.08,8.31,3.29,Story_IA,0.3929645564707011,maize,11.55634144
2010,15.09,-999.0,83.18,8.84,3.19,Story_IA,0.3776005196337789,maize,10.726871680000002
2011,14.19,-999.0,75.33,9.6,3.33,Story_IA,0.4109836302643451,maize,10.319167040000002
2012,15.41,-999.0,64.46,12.11,3.37,Story_IA,0.4144724540974051,maize,8.65319728
2013,14.33,-999.0,72.58,8.81,3.45,Story_IA,0.371346286988671,maize,11.113488960000002
2014,14.0,-999.0,75.93,8.03,3.48,Story_IA,0.4076509813113826,maize,12.0202824
2015,14.71,-999.0,77.07,9.86,3.26,Story_IA,0.4239121369568877,maize,11.83751744
2016,14.76,-999.0,79.6,10.42,3.28,Story_IA,0.4192763301412242,maize,12.273341920000002
2017,14.27,-999.0,71.48,10.66,3.4,Story_IA,0.4379291842721991,maize,12.4139288
2018,14.23,-999.0,78.16,8.96,3.17,Story_IA,0.4215177976889677,maize,12.399869440000002
2019,13.88,-999.0,82.84,8.43,3.28,Story_IA,0.419649817540074,maize,11.774253120000004
2020,14.6,-999.0,74.17,9.94,3.34,Story_IA,0.4070967342376079,maize,12.0484
2021,14.97,-999.0,70.04,11.08,3.32,Story_IA,0.4168178674897434,maize,12.42095792
2022,14.75,-999.0,68.81,9.45,3.57,Story_IA,0.406052526510014,maize,12.188986880000002
2023,14.66,-999.0,68.57,11.22,3.18,Story_IA,0.1240268213192295,maize,12.46313488
2000,14.07,-999.0,68.27,10.05,3.44,Story_IA,0.4184516216030947,wheat,3.162656
2001,14.45,-999.0,76.26,9.7,3.32,Story_IA,0.3759492221738642,wheat,3.0260160000000003
2002,14.81,-999.0,71.19,9.87,3.42,Story_IA,0.4332302983568603,wheat,2.6395042240000004
2003,14.82,-999.0,68.82,9.51,3.34,Story_IA,0.3873596893695707,wheat,3.3277440000000005
2004,14.26,-999.0,73.6,9.59,3.41,Story_IA,0.4134458215028858,wheat,3.2509123360000003
2005,14.78,-999.0,68.88,10.72,3.33,Story_IA,0.390606333474895,wheat,3.1618723360000005
2006,14.13,-999.0,68.65,10.93,3.45,Story_IA,0.4349767917273064,wheat,2.9104321120000005
2007,14.99,-999.0,77.53,9.64,3.46,Story_IA,0.3782757890639034,wheat,3.029152336000001
2008,14.54,-999.0,80.53,7.9,3.37,Story_IA,0.3581931022109068,wheat,3.3796002240000007
2009,14.19,-999.0,79.08,8.31,3.29,Story_IA,0.3929645564707011,wheat,3.3484640000000003
2010,15.09,-999.0,83.18,8.84,3.19,Story_IA,0.3776005196337789,wheat,3.4907042240000004
2011,14.19,-999.0,75.33,9.6,3.33,Story_IA,0.4109836302643451,wheat,3.2952642240000003
2012,15.41,-999.0,64.46,12.11,3.37,Story_IA,0.4144724540974051,wheat,3.4892480000000003
2013,14.33,-999.0,72.58,8.81,3.45,Story_IA,0.371346286988671,wheat,3.5473762240000006
2014,14.0,-999.0,75.93,8.03,3.48,Story_IA,0.4076509813113826,wheat,3.2903362240000003
2015,14.71,-999.0,77.07,9.86,3.26,Story_IA,0.4239121369568877,wheat,3.2814880000000004
2016,14.76,-999.0,79.6,10.42,3.28,Story_IA,0.4192763301412242,wheat,3.965696336
2017,14.27,-999.0,71.48,10.66,3.4,Story_IA,0.4379291842721991,wheat,3.4916000000000005
2018,14.23,-999.0,78.16,8.96,3.17,Story_IA,0.4215177976889677,wheat,3.5845602240000005
2019,13.88,-999.0,82.84,8.43,3.28,Story_IA,0.419649817540074,wheat,3.8915523360000006
2020,14.6,-999.0,74.17,9.94,3.34,Story_IA,0.4070967342376079,wheat,3.742704
2021,14.97,-999.0,70.04,11.08,3.32,Story_IA,0.4168178674897434,wheat,3.338160224
2022,14.75,-999.0,68.81,9.45,3.57,Story_IA,0.406052526510014,wheat,3.5016801120000003
2023,14.66,-999.0,68.57,11.22,3.18,Story_IA,0.1240268213192295,wheat,3.661728112000001
2000,19.75,-999.0,69.72,28.11,3.04,Thanjavur_TN,0.4609477533461696,maize,1.675872092
2001,19.44,-999.0,69.94,28.25,2.99,Thanjavur_TN,0.4712187328750707,maize,1.839632
2002,19.84,-999.0,68.35,28.59,3.05,Thanjavur_TN,0.4519878432364216,maize,1.546244092
2003,19.51,-999.0,70.26,28.35,2.98,Thanjavur_TN,0.4634698701690631,maize,1.877260184
2004,19.45,-999.0,73.02,27.62,2.99,Thanjavur_TN,0.4852327497036047,maize,1.7547160920000002
2005,19.47,-999.0,72.24,28.16,2.93,Thanjavur_TN,0.5090980241297673,maize,1.78342
2006,19.69,-999.0,71.66,27.94,3.0,Thanjavur_TN,0.4893850266519301,maize,1.759500092
2007,19.71,-999.0,70.19,28.07,2.85,Thanjavur_TN,0.5034643556134161,maize,2.148384
2008,19.66,-999.0,73.44,27.56,2.76,Thanjavur_TN,0.4986447878785636,maize,2.22088
2009,19.99,-999.0,68.63,28.45,2.98,Thanjavur_TN,0.4772285491715129,maize,1.861896092
2010,19.27,-999.0,73.7,27.98,2.7,Thanjavur_TN,0.5135252760478132,maize,2.3368922760000004
2011,19.54,-999.0,71.35,27.92,2.97,Thanjavur_TN,0.5121979430493786,maize,2.2801280000000004
2012,19.99,-999.0,70.06,28.23,2.89,Thanjavur_TN,0.4627588097499778,maize,2.351244
2013,19.54,-999.0,68.09,28.56,3.13,Thanjavur_TN,0.4773323271710977,maize,2.366792092
2014,19.17,-999.0,69.06,28.38,3.04,Thanjavur_TN,0.4496979411092289,maize,2.366792092
2015,19.55,-999.0,72.3,28.12,2.8,Thanjavur_TN,0.5218499977269222,maize,2.401844092
2016,20.01,-999.0,68.33,28.62,2.72,Thanjavur_TN,0.4850564643455258,maize,2.389424184
2017,19.28,-999.0,70.1,28.45,2.78,Thanjavur_TN,0.5049207557595117,maize,2.473512276
2018,18.9,-999.0,71.17,28.1,2.93,Thanjavur_TN,0.4907847175982749,maize,2.820076184
2019,19.57,-999.0,70.04,28.78,2.87,Thanjavur_TN,0.4804980164414991,maize,2.824584184
2020,19.04,-999.0,72.07,28.31,2.77,Thanjavur_TN,0.5338882560505701,maize,2.765612184
2021,18.66,-999.0,76.69,27.59,2.63,Thanjavur_TN,0.5200975845161406,maize,2.9433562760000003
2022,18.6,-999.0,75.44,27.7,2.61,Thanjavur_TN,0.5432269744519553,maize,3.1162240000000003
2023,19.14,-999.0,72.0,28.4,2.76,Thanjavur_TN,0.631850593709617,maize,3.261308184
2000,19.75,-999.0,69.72,28.11,3.04,Thanjavur_TN,0.4609477533461696,wheat,2.55622
2001,19.44,-999.0,69.94,28.25,2.99,Thanjavur_TN,0.4712187328750707,wheat,2.491452276
2002,19.84,-999.0,68.35,28.59,3.05,Thanjavur_TN,0.4519878432364216,wheat,2.541132184
2003,19.51,-999.0,70.26,28.35,2.98,Thanjavur_TN,0.4634698701690631,wheat,2.4012000920000003
2004,19.45,-999.0,73.02,27.62,2.99,Thanjavur_TN,0.4852327497036047,wheat,2.496144
2005,19.47,-999.0,72.24,28.16,2.93,Thanjavur_TN,0.5090980241297673,wheat,2.393472184
2006,19.69,-999.0,71.66,27.94,3.0,Thanjavur_TN,0.4893850266519301,wheat,2.409296184
2007,19.71,-999.0,70.19,28.07,2.85,Thanjavur_TN,0.5034643556134161,wheat,2.4912680000000003
2008,19.66,-999.0,73.44,27.56,2.76,Thanjavur_TN,0.4986447878785636,wheat,2.578024
2009,19.99,-999.0,68.63,28.45,2.98,Thanjavur_TN,0.4772285491715129,wheat,2.6745321840000003
2010,19.27,-999.0,73.7,27.98,2.7,Thanjavur_TN,0.5135252760478132,wheat,2.612340184
2011,19.54,-999.0,71.35,27.92,2.97,Thanjavur_TN,0.5121979430493786,wheat,2.749512276
2012,19.99,-999.0,70.06,28.23,2.89,Thanjavur_TN,0.4627588097499778,wheat,2.923300184
2013,19.54,-999.0,68.09,28.56,3.13,Thanjavur_TN,0.4773323271710977,wheat,2.901496184
2014,19.17,-999.0,69.06,28.38,3.04,Thanjavur_TN,0.4496979411092289,wheat,2.894044184
2015,19.55,-999.0,72.3,28.12,2.8,Thanjavur_TN,0.5218499977269222,wheat,2.5296321840000004
2016,20.01,-999.0,68.33,28.62,2.72,Thanjavur_TN,0.4850564643455258,wheat,2.791188
2017,19.28,-999.0,70.1,28.45,2.78,Thanjavur_TN,0.5049207557595117,wheat,2.943908184
2018,18.9,-999.0,71.17,28.1,2.93,Thanjavur_TN,0.4907847175982749,wheat,3.098744
2019,19.57,-999.0,70.04,28.78,2.87,Thanjavur_TN,0.4804980164414991,wheat,3.250728
2020,19.04,-999.0,72.07,28.31,2.77,Thanjavur_TN,0.5338882560505701,wheat,3.1646162760000003
2021,18.66,-999.0,76.69,27.59,2.63,Thanjavur_TN,0.5200975845161406,wheat,3.239136
2022,18.6,-999.0,75.44,27.7,2.61,Thanjavur_TN,0.5432269744519553,wheat,3.254316
2023,19.14,-999.0,72.0,28.4,2.76,Thanjavur_TN,0.631850593709617,wheat,3.239044184
2000,18.35,-999.0,65.74,15.71,2.13,Yolo_CA,0.4307773318144504,maize,9.021801600000002
2001,19.06,-999.0,61.96,16.39,2.32,Yolo_CA,0.4339500701073588,maize,9.10747215
2002,19.1,-999.0,62.46,15.91,2.21,Yolo_CA,0.4442603425208289,maize,8.520956850000001
2003,18.55,-999.0,64.64,16.3,2.11,Yolo_CA,0.4580485611535369,maize,9.37107465
2004,19.09,-999.0,63.79,16.33,2.31,Yolo_CA,0.4613245125714901,maize,10.5638778
2005,18.24,-999.0,66.87,15.93,2.21,Yolo_CA,0.4634591640236359,maize,9.74670795
2006,18.31,-999.0,67.47,15.33,2.12,Yolo_CA,0.462162185390427,maize,9.8257908
2007,19.4,-999.0,61.72,15.7,2.28,Yolo_CA,0.4601627514721531,maize,9.93123075
2008,19.19,-999.0,60.63,15.92,2.32,Yolo_CA,0.4502032148396884,maize,10.102572900000002
2009,18.98,-999.0,62.63,15.67,2.26,Yolo_CA,0.4332773858149688,maize,10.8340701
2010,18.07,-999.0,68.5,15.04,2.26,Yolo_CA,0.4606720021050263,maize,10.0564422
2011,18.41,-999.0,67.16,14.55,2.26,Yolo_CA,0.4464975891101062,maize,9.6742191
2012,19.0,-999.0,61.97,15.9,2.4,Yolo_CA,0.4425805161965501,maize,8.11237245
2013,19.8,-999.0,58.2,16.05,2.34,Yolo_CA,0.4261563500444892,maize,10.4188959
2014,18.71,-999.0,60.66,17.31,2.25,Yolo_CA,0.3988332474970099,maize,11.26901475
2015,18.95,-999.0,63.22,16.73,2.32,Yolo_CA,0.4195880140514061,maize,11.0976726
2016,18.7,-999.0,68.18,15.95,2.31,Yolo_CA,0.4443192404371324,maize,11.50625805
2017,18.5,-999.0,66.67,15.99,2.33,Yolo_CA,0.4252535650708754,maize,11.63805825
2018,18.98,-999.0,61.73,16.18,2.28,Yolo_CA,0.4430123947621932,maize,11.6248776
2019,18.51,-999.0,66.49,15.77,2.32,Yolo_CA,0.4628999498954688,maize,11.0383623
2020,18.89,-999.0,57.38,17.14,2.26,Yolo_CA,0.4557511720541898,maize,11.295375
2021,19.19,-999.0,60.39,16.46,2.46,Yolo_CA,0.4424442611301569,maize,11.64464805
2022,19.45,-999.0,60.14,16.47,2.38,Yolo_CA,0.4532588382582631,maize,11.4271752
2023,18.57,-999.0,68.44,15.37,2.3,Yolo_CA,0.4092199659086704,maize,11.68418895
2000,18.35,-999.0,65.74,15.71,2.13,Yolo_CA,0.4307773318144504,wheat,2.96499
2001,19.06,-999.0,61.96,16.39,2.32,Yolo_CA,0.4339500701073588,wheat,2.83689
2002,19.1,-999.0,62.46,15.91,2.21,Yolo_CA,0.4442603425208289,wheat,2.4745352100000004
2003,18.55,-999.0,64.64,16.3,2.11,Yolo_CA,0.4580485611535369,wheat,3.1197600000000003
2004,19.09,-999.0,63.79,16.33,2.31,Yolo_CA,0.4613245125714901,wheat,3.0477303150000004
2005,18.24,-999.0,66.87,15.93,2.21,Yolo_CA,0.4634591640236359,wheat,2.9642553150000004
2006,18.31,-999.0,67.47,15.33,2.12,Yolo_CA,0.462162185390427,wheat,2.7285301050000004
2007,19.4,-999.0,61.72,15.7,2.28,Yolo_CA,0.4601627514721531,wheat,2.8398303150000004
2008,19.19,-999.0,60.63,15.92,2.32,Yolo_CA,0.4502032148396884,wheat,3.16837521
2009,18.98,-999.0,62.63,15.67,2.26,Yolo_CA,0.4332773858149688,wheat,3.1391850000000003
2010,18.07,-999.0,68.5,15.04,2.26,Yolo_CA,0.4606720021050263,wheat,3.27253521
2011,18.41,-999.0,67.16,14.55,2.26,Yolo_CA,0.4464975891101062,wheat,3.08931021
2012,19.0,-999.0,61.97,15.9,2.4,Yolo_CA,0.4425805161965501,wheat,3.27117
2013,19.8,-999.0,58.2,16.05,2.34,Yolo_CA,0.4261563500444892,wheat,3.3256652100000004
2014,18.71,-999.0,60.66,17.31,2.25,Yolo_CA,0.3988332474970099,wheat,3.08469021
2015,18.95,-999.0,63.22,16.73,2.32,Yolo_CA,0.4195880140514061,wheat,3.076395
2016,18.7,-999.0,68.18,15.95,2.31,Yolo_CA,0.4443192404371324,wheat,3.717840315
2017,18.5,-999.0,66.67,15.99,2.33,Yolo_CA,0.4252535650708754,wheat,3.273375
2018,18.98,-999.0,61.73,16.18,2.28,Yolo_CA,0.4430123947621932,wheat,3.36052521
2019,18.51,-999.0,66.49,15.77,2.32,Yolo_CA,0.4628999498954688,wheat,3.648330315
2020,18.89,-999.0,57.38,17.14,2.26,Yolo_CA,0.4557511720541898,wheat,3.508785
2021,19.19,-999.0,60.39,16.46,2.46,Yolo_CA,0.4424442611301569,wheat,3.12952521
2022,19.45,-999.0,60.14,16.47,2.38,Yolo_CA,0.4532588382582631,wheat,3.282825105
2023,18.57,-999.0,68.44,15.37,2.3,Yolo_CA,0.4092199659086704,wheat,3.432870105
